가장_적합한_HS_코드,가장_적합한_HS_항목명,판단_근거
190490,기타조제식료품,"오뚜기흰밥은즉석조리된쌀밥제품으로,주로쌀을주재료로하여가공된식품이다.HS코드1904.90은쌀을포함한다양한곡물을가공한형태의조제식료품에해당하므로,이제품에적합하다."
190230,"기타파스타(조리된것인지또는조리되지않은것인지,또는속을채운것인지에상관없으며,스파게티,마카로니,국수등)","신라면은조리된국수제품이며,HS코드1902.30은조리여부와상관없이파스타제품을포괄하는코드이다.따라서신라면과같은인스턴트라면제품은이코드에포함될수있다."
160249,기타돼지고기제품,"스팸은가공된돼지고기제품으로,HS코드1602.49는기타가공된돼지고기제품을포함합니다.'스팸25%라이트'는전형적인가공육제품으로,이범주에적합합니다."
160414,기타어류의조제품(고추장에절인것포함),"동원고추참치는참치조제품으로,1604.14는어류의조제품중에서특히고추장과같은양념에절인제품을포함하는코드로가장적합하다."
220190,기타의물,"탐사수무라벨은포장된물로,HS코드2201.90은일반적으로포장된물,미네랄워터및기타비알콜음료에사용됩니다.2L용량의물이24개로포장되어있어'기타의물'범주에속하는것이가장적합합니다."
160232,기타조제한것(냉동여부상관없음),"품목인'곰곰더진한갈비탕(냉동)'은가공된고기제품으로,주로갈비와같은육류를포함하고있으며,조리및가공과정을거쳐냉동된형태로제공된다.HS코드1602.32는조제또는보존한육류(냉동여부상관없음)에해당하므로,이제품에가장적합한HS코드로판단된다."
220299,기타비알콜음료,"블루다이아몬드아몬드브리즈오리지널은아몬드우유로분류되며,이는비알콜성음료에속합니다.HS코드2202.99는'기타비알콜음료'를포괄하므로해당제품에적합합니다."
190220,냉동만두,"비비고왕교자는냉동상태의조리된식품으로,주로밀가루와고기,야채등다양한재료로만든만두제품이다.HS코드1902.20은'냉동만두'로,냉동상태의가공식품에적합하다.이제품의특성과일치하여가장적합한분류로판단된다."
080510,Freshmandarins(includingtangerinesandsatsumas),"주어진물품은'감귤'이며,이는일반적으로귤또는만다린오렌지로분류됩니다.HS코드0805.10은신선한만다린(탠저린및사츠마포함)에해당하며,이는제공된물품설명과일치합니다.'2kg'이라는중량정보와'로열과'라는품질분류는HS코드선택에영향을미치지않습니다."
210690,기타조제식료품,"담터호두아몬드율무차는다양한재료가혼합된형태의즉석차제품으로,HS코드210690은다양한형태의조제식료품을포함하며,특정한범주에명시되지않은혼합식품에적합하다."
