question,answer
['\ufeff정제 탄수화물과 비정제 탄수화물은 사람의 소화 과정에 어떤 차이점을 보이는가?'],"정제 탄수화물과 비정제 탄수화물은 사람의 소화 과정에서 서로 다른 특징을 보인다.

먼저, 정제 탄수화물은 인공적으로 가공되어 만들어진 탄수화물이다. 일반적으로 녹말, 설탕, 밀가루 등이 이에 해당한다. 정제 탄수화물은 소화 흡수가 빠르고 혈당을 빠르게 상승시키기 때문에, 인슐린 분비를 촉진하여 비만, 당뇨병 등의 질환을 유발할 수 있다. 또한, 체내에서 빠르게 분해되기 때문에 에너지 지속 시간이 짧다는 단점도 있다.

반면, 비정제 탄수화물은 자연 상태 그대로의 탄수화물로서, 과일, 채소, 견과류, 통곡물 등이 이에 해당한다. 비정제 탄수화물은 소화 흡수가 천천히 일어나며, 혈당을 완만하게 상승시킨다. 이로 인해 인슐린 분비가 억제되어 비만, 당뇨병 등의 질환 예방에 도움이 된다. 또, 체내에서 느리게 분해되기 때문에 에너지 지속 시간이 길다는 장점도 있다.

따라서, 건강을 위해서는 비정제 탄수화물을 섭취하는 것이 좋다. 하지만, 개인의 체질과 상황에 따라 적절한 양과 종류를 선택하는 것이 중요하다. 예를 들어, 당뇨병 환자나 다이어트 중인 사람은 과도한 비정제 탄수화물 섭취를 자제해야 한다."
['c++에서 상속 클래스들의 벡터를 어떻게 정의하는가?'],"C++에서 상속 클래스들의 벡터를 정의하려면 다음과 같은 방법을 사용할 수 있습니다.

먼저, 여러 클래스가 공통으로 가지고 있는 부모 클래스를 만듭니다. 이 부모 클래스는 다른 클래스들이 상속받을 수 있는 기반 클래스 역할을 합니다. 예를 들어, Animal이라는 부모 클래스를 만들고, Dog와 Cat이라는 자식 클래스를 만들 수 있습니다.

```cpp
class Animal {
public:
    virtual void sound() = 0; // 추상 함수(순수 가상 함수)
};

class Dog : public Animal {
public:
    void sound() override { cout << ""멍멍"" << endl; }
};

class Cat : public Animal {
public:
    void sound() override { cout << ""야옹"" << endl; }
};
```

다음으로, vector<타입> 형태로 벡터를 선언합니다. 여기서 타입은 우리가 저장하려는 객체의 타입이 됩니다. 위 예시에서는 Animal 클래스로부터 상속받은 Dog와 Cat 클래스이므로, vector<Animal*> 로 선언하면 됩니다.

```cpp
vector<Animal*> animals;
```

벡터에 객체를 추가하기 위해서는 push_back() 함수를 사용합니다. 이때, new 연산자를 이용하여 동적 메모리 할당을 해야 합니다. 그렇지 않으면 해당 객체는 스택 영역에만 존재하므로 프로그램 종료 시 소멸됩니다.

```cpp
animals.push_back(new Dog());
animals.push_back(new Cat());
```

이렇게 하면 '동물'들을 담는 벡터를 생성할 수 있으며, 각 동물들은 자신만의 소리를 낼 수 있습니다."
['전기장에서 퍼텐셜을 구할 수 있는 방법은 무엇인가?'],"전기장에서 퍼텐셜을 구하는 방법은 여러 가지가 있지만, 대표적인 방법으로는 가우스 법칙(Gauss's Law)과 라플라스 방정식(Laplace equation)을 이용하는 것이 있다.

먼저, 가우스 법칙은 전기장 내에서의 전하 분포와 전기장의 세기 사이의 관계를 나타내는 법칙이다. 이 법칙에 따르면, 임의의 폐곡면을 통과하는 전기선속(electric flux)은 그 폐곡면 내부에 있는 총 전하량에 비례한다. 즉, 전기장 내에서 어떤 지점의 퍼텐셜을 구하기 위해서는 해당 지점을 둘러싼 폐곡면을 선택하고, 그 폐곡면 내부의 전하 분포를 파악하여 전기선속을 계산하면 된다.

다음으로, 라플라스 방정식은 전기장 내에서 모든 점에서의 전위 변화율이 일정하다는 것을 나타내는 방정식이다. 이 방정식은 전기장 내에서 각 지점의 전위 값들이 서로 어떻게 연관되어 있는지를 알려준다. 이를 이용하여 전기장 내에서 특정 지점의 퍼텐셜을 구하려면, 먼저 해당 지점 주변의 다른 지점들의 전위 값들을 측정하거나 계산하여야 한다. 그런 다음, 라플라스 방정식을 풀어서 해당 지점의 전위 값을 도출할 수 있다.

이러한 방법들은 전기장 내에서 퍼텐셜을 구하는 데 매우 유용하다. 하지만 이러한 방법들은 수학적 계산이 복잡하기 때문에, 전문적인 지식과 기술이 필요하다. 따라서, 전기장 분야에서는 컴퓨터 시뮬레이션 등 다양한 도구를 활용하여 퍼텐셜을 구하는 경우도 많다."
['꽃의 색상은 환경 요인에 어떻게 영향을 받는가?'],"꽃의 색상은 다양한 환경 요인에 의해 영향을 받는다. 그 중에서도 가장 중요한 것은 빛이다. 꽃은 빛을 흡수하여 에너지를 생산하는데, 이때 파장에 따라 흡수하는 빛의 양이 다르기 때문에 색이 결정된다. 예를 들어, 빨간색 꽃은 파장이 긴 빛을 많이 흡수하고, 파란색 꽃은 파장이 짧은 빛을 많이 흡수한다.

빛 외에도 온도와 습도도 꽃의 색상에 영향을 준다. 온도가 높아지면 꽃의 색소가 파괴되어 색이 변할 수 있다. 또, 습도가 높아지면 꽃 내부의 수분 함량이 증가하여 색이 흐려질 수 있다. 이처럼 꽃의 색상은 주변 환경에 민감하게 반응하기 때문에, 꽃을 재배할 때는 적절한 환경 조건을 유지하는 것이 중요하다.

마지막으로, 꽃의 종류에 따라 색상이 결정되는 방식도 다르다. 어떤 꽃은 특정한 색소를 가지고 있어서 그 색소에 따라 색이 결정되고, 다른 꽃은 색소 대신 세포 구조나 조직의 특성에 따라 색이 결정되기도 한다. 이러한 차이 역시 꽃의 색상을 결정하는 데 중요한 역할을 한다."
['열 엔진의 효율성을 높이기 위해 어떤 기술적 개선이 이루어지고 있는가?'],"열 엔진의 효율성을 높이기 위한 기술적 개선은 다양한 방향으로 이루어지고 있습니다. 그 중에서도 가장 대표적인 것은 열역학 법칙을 이용하여 열 에너지를 기계적 에너지로 변환하는 과정에서 발생하는 손실을 최소화하는 것입니다. 이를 위해서는 열 전달 및 열 교환 기술 등이 발전하고 있습니다.

예를 들어, 열교환기는 고온부와 저온부 사이에서 열을 효과적으로 전달함으로써 열효율을 높이는 데 중요한 역할을 합니다. 최근에는 나노기술을 활용하여 열전달 속도를 높이고, 열전도율이 높은 소재를 개발하여 열교환기의 성능을 향상시키는 연구가 진행되고 있습니다. 또 다른 예로는 터빈 설계 방식의 개선인데, 기존의 날개 형태 대신 새로운 디자인을 적용하여 공기나 증기의 흐름을 최적화하고, 마찰 손실을 최소화하려는 시도가 이루어지고 있습니다.

또한, 열 엔진의 작동 온도를 높이는 것도 하나의 방법입니다. 일반적으로 더 높은 온도에서 작동하면 열에너지 전환률이 높아지기 때문입니다. 이를 위해 초전도체나 레이저 냉각 기술 등을 활용하여 엔진 내부의 온도를 제어하는 기술들이 개발되고 있습니다. 이러한 기술적 개선들은 열 엔진의 효율성을 크게 향상시켜 환경 보호와 에너지 절약에 기여할 것으로 기대됩니다."
['디지털 통신은 아날로그 통신과 어떻게 다른가?'],"디지털 통신은 정보를 0과 1이라는 이진수 형태로 변환하여 전송하는 방식이다. 이와 달리 아날로그 통신은 연속적인 신호를 이용하여 정보를 전달한다. 

디지털 통신에서는 정보를 잘게 나누어 처리하기 때문에 오류가 발생할 가능성이 적고, 이를 쉽게 수정할 수 있다. 또, 디지털 신호는 압축이 가능하므로 더 많은 정보를 효율적으로 전송할 수 있다. 반면, 아날로그 통신은 잡음에 취약하며, 신호의 왜곡이 일어날 가능성이 높다. 따라서 먼 거리까지 정확하게 정보를 전달하기 위해서는 높은 수준의 기술력이 필요하다.

또, 디지털 통신은 다양한 기기에서 호환성이 높기 때문에 활용 범위가 넓다. 예를 들어, 컴퓨터나 스마트폰 등 대부분의 전자기기는 디지털 통신을 기반으로 작동한다. 이러한 이유로 현재는 디지털 통신이 아날로그 통신보다 더 많이 사용되고 있으며, 앞으로도 더욱 발전할 것으로 예상된다."
['지구의 지질 활동이 산의 형성에 어떻게 관여하는가?'],"지구의 지질 활동은 다양한 방식으로 산의 형성에 관여한다. 가장 기본적인 과정은 마그마의 생성과 분출이다. 지구 내부에서 발생한 열 에너지가 지각을 녹이면 마그마가 만들어진다. 이 마그마는 지각의 약한 부분을 뚫고 지표면으로 분출하는데, 이때 주변 암석들을 밀어내면서 거대한 화산을 형성한다. 

두 번째로는 지진과 조산운동 등의 지질 활동이 있다. 지진은 지층들이 서로 충돌하거나 어긋나는 현상으로, 이때 발생하는 충격파가 산맥을 만들어낸다. 조산운동은 여러 개의 지층이 겹쳐지면서 하나의 큰 덩어리를 이루는 것으로, 이러한 운동 역시 산맥의 형성에 기여한다.

마지막으로는 침식작용도 중요하다. 시간이 지나면서 자연스럽게 풍화와 침식이 일어나며, 이로 인해 원래 높았던 산이 낮아지거나 평평해지기도 한다. 이렇게 만들어진 지형들은 다시 새로운 지질 활동들에 의해 변화하면서 현재의 모습을 갖추게 된다."
['재생 가능한 에너지원의 중요성은 어떻게 인식되고 있는가?'],"재생 가능한 에너지원은 화석 연료와 달리 무한히 재생산할 수 있는 에너지 자원으로, 환경 보호와 지속 가능한 발전을 위해 매우 중요하다. 이러한 이유로 최근 몇 년간 재생 가능한 에너지원의 중요성이 크게 부각되고 있다.

첫째, 재생 가능한 에너지는 친환경적이다. 화석 연료는 연소 과정에서 대기 중 이산화탄소 농도를 증가시켜 지구 온난화를 가속화한다. 반면 태양광, 풍력, 수력 등의 재생 가능한 에너지는 생산 과정에서 온실 가스를 배출하지 않아 기후 변화 대응에 큰 도움이 된다.

둘째, 재생 가능한 에너지는 경제적이다. 초기 설치 비용은 비싸지만, 장기적으로는 운영 비용이 저렴하다. 또, 기술 발전으로 인해 효율성이 향상되면서 가격 경쟁력도 높아지고 있다. 이 때문에 많은 국가가 재생 가능한 에너지 비중을 높이기 위한 정책을 추진하고 있다. 

셋째, 재생 가능한 에너지는 안정적인 공급이 가능하다. 화석 연료는 매장량이 한정되어 있어 고갈될 위험이 있지만, 재생 가능한 에너지는 무한히 재생산할 수 있기 때문에 수요 변동에 유연하게 대처할 수 있다. 이를 통해 에너지 수급 불안정 문제를 해결할 수 있다."
['기계의 인간-로봇 협업 시스템은 어떻게 산업 작업을 지원하는가?'],"기계의 인간-로봇 협업 시스템은 다양한 방식으로 산업 작업을 지원한다. 첫 번째로 로봇은 인간이 하기 어려운 작업을 대신 수행할 수 있다. 예를 들어, 위험한 환경에서 일하거나 반복적인 작업을 할 때 로봇을 활용하면 안전성과 생산성을 높일 수 있다. 두 번째로 로봇은 인간의 실수를 방지할 수 있다. 기계가 정확하고 일관된 작업을 수행하기 때문에 오류 발생 가능성이 줄어든다. 마지막으로 로봇은 인간의 능력을 보완할 수 있다. 인간보다 더 빠르고 정확하게 작업을 수행하여 전체 공정의 효율성을 향상시킬 수 있다. 이와 같이 기계의 인간-로봇 협업 시스템은 산업 분야에서 중요한 역할을 하고 있으며, 앞으로도 더욱 발전할 것으로 예상된다. 

협업 시스템에서는 인간과 로봇 사이의 상호작용이 필수적이다. 이를 위해 인터페이스 기술이 개발되고 있다. 대표적인 예시로는 터치스크린, 음성인식, 제스처 인식 등이 있다. 이러한 기술들은 인간과 로봇이 서로 쉽게 소통하고 협력할 수 있도록 돕는다. 또한, 협업 시스템에서는 로봇의 자율성이 중요하다. 미리 정해진 작업만을 수행하는 것이 아니라 상황에 따라 유연하게 대처할 수 있어야 한다. 이를 위해 인공지능 기술이 적용되고 있다. 머신러닝 알고리즘을 이용하여 데이터를 분석하고 스스로 학습하여 최적의 작업 방법을 찾아낸다. 이렇게 하면 인간과 로봇이 함께 일하는 과정에서 발생하는 문제들을 효과적으로 해결할 수 있다.

인간-로봇 협업 시스템은 제조업, 의료, 서비스 등 다양한 산업 분야에서 활용되고 있다. 특히, 최근에는 코로나19 대응에도 큰 역할을 했다. 병원에서는 로봇을 이용하여 환자들에게 음식을 배달하거나 의약품을 전달했다. 공장에서는 로봇을 투입하여 생산라인을 가동함으로써 공급 부족 문제를 해결했다. 이처럼 인간-로봇 협업 시스템은 우리 사회 전반에 걸쳐 많은 혜택을 제공하고 있다. 따라서, 지속적인 연구와 개발을 통해 더욱 발전시켜 나가야 할 것이다."
['암호화 알고리즘 중 가장 일반적인 것은 무엇인가?'],"암호화 알고리즘 중 가장 일반적인 것은 대칭키 암호화 알고리즘이다. 이 방식은 동일한 키로 데이터를 암호화하고 복호화한다. 대표적인 대칭키 암호화 알고리즘으로는 AES(Advanced Encryption Standard), DES(Data Encryption Standard), RSA(Rivest–Shamir–Adleman) 등이 있다.

AES는 미국 국립 표준 기술 연구소(NIST)에서 개발한 128비트 블록 암호화 알고리즘으로, 현재 가장 널리 사용되고 있다. 빠른 속도와 높은 보안성을 가지고 있으며, 다양한 플랫폼에서 지원된다. 

RSA는 큰 정수의 인수분해 문제가 어렵다는 점에 기반한 공개키 암호화 알고리즘으로, 전자서명 및 인증 시스템에도 활용된다. 하지만 계산 복잡도가 높아 상대적으로 느리며, 키 크기가 커질수록 처리 시간이 증가한다는 단점이 있다."
['열역학 제1법칙과 제2법칙의 차이점은 무엇인가?'],"열역학 제1법칙은 에너지 보존 법칙이라고도 불리며, 에너지는 생성되거나 소멸되지 않고 단지 형태가 변할 뿐이라는 것을 나타내는 법칙이다. 이 법칙은 고립계에서 적용되며, 고립계 내에서의 총 에너지는 일정하게 유지된다. 예를 들어, 열이 일로 변환되거나, 일이 열로 변환될 때에도 전체적인 에너지의 양은 변하지 않는다.

반면에 열역학 제2법칙은 엔트로피 증가의 법칙이라고도 불리며, 자연 현상은 항상 엔트로피가 증가하는 방향으로 일어난다는 것을 나타내는 법칙이다. 엔트로피는 물질 내부의 무질서도를 나타내는 지표로, 엔트로피가 증가하면 물질 내부의 질서가 감소하고 무질서가 증가한다. 

예를 들어, 뜨거운 물과 차가운 물을 섞으면 시간이 지날수록 물의 온도가 균일해진다. 이는 뜨거운 물과 차가운 물이 서로 섞이면서 엔트로피가 증가하기 때문이다. 또한, 마찰 등의 외부 작용이 없는 한, 정지해 있는 물체는 계속 정지해 있고 움직이는 물체는 계속해서 움직인다. 이러한 모든 과정들은 모두 엔트로피가 증가하는 방향으로 일어나는 것이다."
['현존하는 영상 포맷 중에서 가장 효율적인 압축 기술은 무엇인가?'],"현존하는 영상 포맷 중에서 가장 효율적인 압축 기술은 HEVC(High Efficiency Video Coding)이다. 이 기술은 이전 버전인 H.264/AVC보다 두 배 이상 높은 압축률을 제공하며, 동일한 화질 기준으로 데이터 용량을 절반 가까이 줄일 수 있다. 

HEVC가 이렇게 뛰어난 압축 성능을 보이는 이유는 여러 가지가 있다. 먼저, 움직임 예측 알고리즘이 더욱 발전하여 프레임 간 중복성을 더 정확하게 파악할 수 있게 되었다. 또한, 디블록킹 필터와 인트라 예측 등의 기술도 개선되어 화면 왜곡 및 블록화 현상을 최소화하면서도 압축률을 높일 수 있었다.

이러한 장점들 때문에 현재 대부분의 고화질 비디오 스트리밍 서비스나 온라인 동영상 플랫폼에서는 HEVC 코덱을 사용하고 있다. 앞으로도 계속해서 새로운 기술들이 개발될 것이지만, 현재로서는 HEVC가 가장 효율적인 영상 압축 기술이라고 할 수 있다."
['생태학 연구에서 시계열 분석은 어떤 분야에서 사용되고 있는가?'],"생태학 연구에서 시계열 분석은 다양한 분야에서 사용되고 있습니다. 먼저, 생물 개체군의 성장과 감소를 예측하기 위해 사용됩니다. 이를 통해 특정 생물종이 언제 멸종 위기에 놓일지 미리 파악할 수 있으며, 이에 따른 보호 대책을 마련할 수 있습니다.

둘째로, 생태계의 변화를 추적하는데 활용됩니다. 예를 들어, 기후 변화가 생태계에 미치는 영향을 조사하고자 할 때, 시계열 분석을 통해 과거부터 현재까지의 생태계 변화를 파악하여 미래의 변화를 예측할 수 있습니다.

마지막으로, 자원 관리에도 이용됩니다. 어류나 해조류 등의 자원량 변동을 모니터링 하여 적절한 수확 시기와 양을 결정하거나, 해양 오염이 자원량에 미치는 영향을 평가하기도 합니다. 

이렇게 생태학 연구에서 시계열 분석은 매우 유용한 도구 중 하나이며, 지속 가능한 환경 보전을 위한 필수적인 역할을 하고 있습니다."
['화학공학이 다른 공학 분야와 어떻게 다른가?'],"화학공학은 화학 반응을 이용하여 물질의 성질을 개선하거나 원하는 물질을 대량 생산하는 기술을 다루는 학문이다. 이러한 점에서 화학공학은 다른 공학 분야와는 다음과 같은 차이점이 있다.

첫째, 화학공학은 화학 반응을 중심으로 한다. 물리학을 기반으로 하는 기계공학, 전기 및 전자공학과는 달리 화학공학은 화학 반응식을 통해 다양한 현상을 예측하고 분석한다. 이를 통해 화학 공정 설계, 제어, 운전 등을 수행할 수 있다.

둘째, 화학공학은 제품 제조 과정에서의 경제성을 중요시한다. 화학 산업은 규모의 경제가 적용되는 대표적인 산업 중 하나로, 대규모 생산 시설을 구축하여 제품을 저렴하게 생산하는 것이 중요하다. 따라서 화학공학에서는 최적화된 공정 설계와 운영 방법을 개발하여 비용을 최소화하면서도 높은 품질의 제품을 생산하는 데 초점을 맞춘다.

셋째, 화학공학은 환경 문제에도 큰 관심을 가지고 있다. 화학 공정에서는 오염물질이 발생할 가능성이 높기 때문에, 화학공학에서는 친환경적인 공정을 개발하고 안전한 폐기물 처리 방법을 모색함으로써 환경 보호에 기여하고자 한다."
['사상의학에서 유전자 분석은 어떻게 활용되고 있는가?'],"사상의학(四象醫學)은 조선 후기 이제마가 창시한 한의학의 한 분야로, 사람마다 타고난 체질이 다르고 그 체질에 따라 장부의 기능과 기운의 승강이 다르며, 이에 따라 생리, 병리, 약리 및 양생법도 다르다는 이론이다. 이러한 사상의학에서는 개인의 체질을 진단하기 위해 체형, 용모, 성질, 재간, 언행, 가족력, 음식의 기호, 병증 등을 종합하여 판단한다. 

최근에는 유전자 분석 기술이 발전하면서 사상의학에서도 유전자 분석을 활용하려는 시도가 이루어지고 있다. 예를 들어, 한국한의학연구원에서는 사상체질별 특이적인 유전자 마커를 발굴하였으며, 이를 통해 사상체질을 정확하게 진단할 수 있는 기술을 개발하였다. 또한, 경희대학교 한의과대학 연구팀은 사상체질 유전변이와 질병과의 연관성을 규명하기도 하였다.

이러한 유전자 분석 기술을 활용하면 사상체질 분류의 정확도를 높일 수 있으며, 더 나아가 각 체질에 맞는 맞춤형 치료와 예방 방법을 제시할 수 있을 것으로 기대된다. 하지만 아직까지는 유전자 분석만으로 체질을 완벽하게 파악하거나 예측하는 것은 불가능하며, 기존의 전통적인 방식과 함께 활용되어야 한다. 그리고 윤리적인 문제도 고려해야 하는데, 개인의 유전자 정보를 수집하고 분석하는 과정에서 개인정보 보호와 인권 침해 등의 문제가 발생할 수 있기 때문이다."
['높은 곳에서 떨어질 때 왜 속도가 점점 더 빨라지는가?'],"높은 곳에서 물체가 떨어질 때 속도가 점점 더 빨라지는 이유는 중력 때문이다. 지구 중심으로부터 물체를 끌어당기는 힘인 중력은 높이 올라갈수록 강해진다. 따라서 높은 곳에서 떨어지는 물체는 처음에는 약한 중력을 받다가 아래로 내려가면서 점점 더 강한 중력을 받게 된다.

물체가 낙하할 때 받는 중력이 커지면 물체의 가속도도 함께 증가한다. 가속도란 물체의 속도가 시간에 따라 변하는 정도를 나타내는 물리량인데, 중력이 커질수록 물체의 가속도도 커진다. 이를 '자유낙하운동'이라고 하며, 이때 물체의 가속도는 약 9.8m/s2(제곱)이다.

또한, 공기 저항이 없는 진공 상태에서는 이러한 현상이 더욱 두드러지게 나타난다. 예를 들어, 100m 높이에서 떨어진 물체는 1초마다 약 9.8m씩 속도가 증가하여, 지면에 도달할 때는 시속 약 144km의 빠른 속도로 떨어진다. 이처럼 높은 곳에서 물체가 떨어질 때 속도가 점점 더 빨라지는 것은 중력과 가속도의 상호작용 때문이다."
['왜 터널에서 자동차 소리는 크게 들리는 것 같은가?'],"터널에서는 자동차 소리가 더 크게 들리는 것처럼 느껴지는 이유는 다음과 같습니다.

첫째, 터널 내부는 외부보다 공기 밀도가 높습니다. 공기는 진동을 전달하는 매개체 역할을 하는데, 밀도가 높을수록 음파의 전달 속도가 빨라지고 진폭이 커집니다. 이로 인해 차량의 엔진 소리나 타이어 마찰음 등이 더욱 크고 선명하게 들리게 됩니다.

둘째, 터널 내부는 밀폐된 공간이기 때문에 소리가 반사되는 비율이 높습니다. 일반적인 도로에서는 소리가 사방으로 퍼져나가지만, 터널에서는 벽과 천장에 반사되어 다시 돌아오는 소리가 많아집니다. 이 과정에서 소리가 중첩되고 증폭되어 더욱 큰 소리로 느껴집니다.

셋째, 우리 귀는 주변 환경에 따라 소리를 다르게 인식합니다. 터널 밖에서는 주변 소음이 많아서 차량 소리가 상대적으로 작게 느껴지지만, 터널 안에서는 주변 소음이 거의 없어서 차량 소리가 더욱 크게 느껴집니다. 또, 어두운 터널 안에서는 시각 정보가 제한되기 때문에 청각 정보에 더욱 의존하게 되어 소리가 더욱 강조됩니다."
['모더나 백신을 맞으면 면역이 얼마 동안 지속되는가?'],"모더나 백신 접종 후 생성된 항체와 T세포 반응은 일반적으로 2차 접종 후 몇 주 내에 최고조에 달하며, 이후 시간이 지나면서 감소하지만, 일정 수준 이상으로 유지됩니다. 
2021년 11월 모더나에서 발표한 연구 결과에 따르면, 모더나 백신 2차 접종 후 6개월이 지난 시점에서도 높은 수준의 항체 역가와 기억 B세포(memory B cell)가 유지되었으며, 이는 코로나19 바이러스에 대한 장기적인 보호 효과를 기대할 수 있음을 시사합니다.
다만, 개인마다 면역 반응의 정도와 지속 기간이 다를 수 있으며, 변이 바이러스 등장 등 여러 요인에 의해 면역력이 떨어질 가능성도 존재하기 때문에, 주기적인 부스터 샷 접종이 권장됩니다."
['심혈관 질환의 주요 원인은 무엇인가?'],"심혈관 질환의 주요 원인은 다양하지만, 대표적인 것으로는 고혈압, 당뇨병, 비만, 흡연, 운동 부족 등이 있다. 이러한 요인들은 서로 복합적으로 작용하여 심혈관 질환을 유발할 수 있다.

고혈압은 혈관 내부의 압력이 높아지는 상태로, 심장이 혈액을 내보내는 데 더 많은 힘을 필요로 하게 된다. 이로 인해 심장 근육이 과도하게 수축하거나 손상될 수 있으며, 동맥경화증 등의 질환도 발생할 수 있다. 또한, 고혈압은 뇌졸중, 심근경색 등의 심각한 심혈관 질환의 위험 인자 중 하나이다.

당뇨병은 혈당 조절에 문제가 생기는 질환으로, 높은 혈당 수치가 지속되면 혈관 내부에 염증이 생기고, 이로 인해 동맥경화증 등의 질환이 발생할 수 있다. 또, 당뇨병 환자는 고혈압, 비만 등의 다른 심혈관 질환 위험 인자를 가지고 있을 가능성이 높다. 이처럼 당뇨와 고혈압은 함께 발병되는 경우가 많으며, 두 질환 모두 관리하지 않으면 심혈관 질환 합병증 확률이 크게 증가한다."
['지구의 대륙 이동은 어떻게 이루어지는가?'],"지구의 대륙 이동은 맨틀 대류와 해저 확장설이라는 두 가지 주요 원인으로 인해 발생합니다. 

맨틀 대류는 지구 내부에서 일어나는 현상으로, 고체이지만 유동성이 있는 맨틀 물질이 움직이면서 열을 전달하여 지구 표면의 온도 차이를 유발합니다. 이 과정에서 맨틀 물질이 상승하거나 하강하면서 지각판을 움직이게 되는데, 이러한 움직임이 대륙 이동의 첫 번째 원인이 됩니다.

또 다른 원인인 해저 확장설은 1960년대 초 덴마크의 지질학자 베게너가 제시한 이론으로, 해양 지각이 생성되는 해저 산맥에서 새로운 지각이 형성되고, 기존의 지각은 계속해서 이동한다는 것입니다. 이렇게 새로 생긴 지각이 오래된 지각을 밀어내면서 대륙이 이동하게 되는 것입니다.

이러한 이유들로 현재까지도 지구의 대륙들은 조금씩 이동하고 있습니다. 이런 변화는 아주 오랜 시간 동안 일어나지만, 그 결과 거대한 대륙들이 서로 충돌하거나 분리되어 오늘날 우리가 보는 지형들을 만들어 냈습니다."
['양자역학은 어떻게 물질의 동작을 설명하는가?'],"양자역학은 원자, 분자, 핵 등의 미시적인 세계에서 일어나는 현상을 설명하는 이론이다. 이 이론은 입자의 위치와 운동량이 동시에 정확하게 측정될 수 없다는 불확정성 원리를 바탕으로 한다.

첫째, 양자역학에서는 입자가 파동성과 입자성을 모두 가진다는 것을 인정한다. 이러한 성질은 이중 슬릿 실험에서 잘 나타난다. 빛이나 전자와 같은 입자를 이중 슬릿에 통과시키면, 입자가 두 개의 슬릿을 모두 통과하여 간섭무늬를 형성한다. 이는 입자가 파동처럼 행동하기 때문에 나타나는 현상이다.

둘째, 양자역학에서는 입자의 상태를 확률론적으로 기술한다. 예를 들어, 수소 원자의 경우에는 전자가 원자핵 주위의 특정한 에너지 준위에 존재할 확률만을 계산할 수 있다. 이를 통해 우리는 수소 원자의 스펙트럼을 예측할 수 있으며, 이는 실험 결과와 일치한다. 

셋째, 양자역학에서는 상호작용하는 입자들 사이의 관계를 나타내는 파동함수를 이용하여 물리량을 계산한다. 이때, 파동함수는 시간에 따라 변화하며, 이를 통해 입자의 운동을 예측할 수 있다. 또한, 양자역학에서는 관측 행위가 대상에 영향을 미치는 것을 고려한다. 즉, 관측 전에는 입자의 상태가 확정되지 않으며, 관측을 통해 비로소 입자의 상태가 결정된다."
['동물의 진화적 다양성과 생태학적 유용성은 어떻게 연결되어 있는가?'],"동물의 진화적 다양성과 생태학적 유용성은 서로 밀접하게 연결되어 있습니다. 이 둘 사이의 관계는 동물들이 환경에 적응하며 생존하기 위해 진화하면서 형성되었습니다.

첫째로, 동물들은 각자 다른 생태계에서 서식하며, 그들의 특성과 행동은 해당 생태계에서의 생존과 번식에 적합하도록 진화하였습니다. 예를 들어, 바다거북은 물속에서 헤엄치기 위한 지느러미와 땅 위에서 알을 낳기 위한 단단한 껍질을 가지고 있습니다. 이러한 특징들은 바다거북이 바다와 육지 모두에서 살아갈 수 있도록 도와줍니다.

둘째로, 동물의 진화적 다양성은 생태계의 안정성과 지속 가능성에도 기여합니다. 각 동물 종은 자신만의 역할을 수행하며, 이를 통해 생태계의 균형을 유지합니다. 먹이 사슬에서 상위에 있는 육식동물은 초식동물의 개체 수를 조절하여 생태계의 균형을 유지하는데 도움을 주며, 식물의 씨앗을 퍼뜨리는 동물들은 생태계의 재생산에 기여합니다. 

셋째로, 인간의 삶에서도 동물의 진화적 다양성과 생태학적 유용성이 중요합니다. 많은 동물들이 의약품 개발이나 식량 자원 등으로 활용되며, 해양 생태계에서는 물고기나 해조류 등이 인류의 식량 자원으로 이용됩니다. 또한, 자연재해나 기후 변화 등의 환경 문제에서도 동물의 역할이 중요합니다. 따라서, 동물의 진화적 다양성과 생태학적 유용성을 보존하고 보호하는 것은 우리의 미래를 위해서도 매우 중요합니다."
['마취 중 환자의 호흡과 순환기 시스템은 어떻게 관리되는가?'],"마취 중 환자의 호흡과 순환기 시스템은 생명 유지에 매우 중요하기 때문에 의료진은 이를 적극적으로 관리한다. 마취제는 중추신경계와 말초신경계 모두에 영향을 미치기 때문에 호흡근이 마비되어 호흡곤란이 발생할 수 있다. 또 심혈관계에도 영향을 주어 혈압 저하, 부정맥 등이 나타날 수 있다.

따라서 마취 전에는 환자의 상태를 평가하여 적절한 마취 방법을 선택하고, 마취 중에는 지속적으로 환자의 생체 신호를 모니터링 한다. 특히 호흡수, 산소포화도, 심전도 등을 집중적으로 감시하며 필요시 기도삽관, 인공호흡기 적용, 약물 투여 등 조치를 취한다. 

또 수술 중 출혈량이 많아지거나 체내 혈액량이 감소하면 심장박출량이 줄어 혈압이 떨어질 수 있는데 이때는 수액 주입, 수혈 등 혈류량을 보충하거나 승압제를 투여하여 혈압을 조절한다. 이러한 과정에서 의료진은 환자의 안전을 최우선으로 고려하여 모든 상황에 신속하고 정확하게 대처하고자 노력한다."
['역학에서의 중력에 의한 자유낙하의 원리를 실제 상황에 적용한 예시를 들어 설명하시오.'],"자유낙하란 물체가 다른 힘을 받지 않고 중력만으로 떨어지는 운동을 말한다. 이 원리는 다양한 분야에서 활용되고 있다. 

예를 들어, 고층 건물에서는 엘리베이터가 자유낙하할 때 발생하는 충격을 줄이기 위해 '댐퍼'라는 장치를 사용한다. 댐퍼는 엘리베이터 줄이 끊어져도 관성에 의해 계속 움직이는 엘리베이터를 천천히 멈추게 하는 역할을 한다. 또한, 비행기에서도 자유낙하 원리가 적용된다. 비행기가 착륙할 때 바퀴가 땅에 닿기 전까지 일정 시간 동안 자유낙하하는데, 이를 '플랩 다운'이라고 한다. 플랩 다운은 비행기를 안전하게 착륙시키는 데 중요한 역할을 한다.

또 다른 예로는 번지점프가 있다. 번지점프는 높은 곳에서 뛰어내려 줄에 매달려 낙하하는 스포츠이다. 이때 사람이 받는 충격을 줄이기 위해 여러 겹의 고무줄을 사용하며, 공기 저항 등을 고려하여 설계되어있다. 이러한 사례들은 모두 역학에서의 중력에 의한 자유낙하 원리를 실제 상황에 적용한 것이다."
['항공기의 안전 기술과 시스템은 어떻게 동작하는가?'],"항공기의 안전 기술과 시스템은 항공기가 안전하게 비행할 수 있도록 다양한 역할을 수행합니다. 이 중에서도 가장 중요한 것은 항공기의 조종성을 유지하고 제어하는 데 필요한 시스템들입니다. 이러한 시스템들은 다음과 같습니다.

1.**조종 시스템**: 항공기의 방향을 조절하기 위한 시스템으로, 주 조종면인 에일러론, 엘리베이터, 러더와 보조 조종면인 플랩, 스포일러 등이 있습니다. 이들 조종면은 유압 또는 전기 모터를 이용하여 움직이며, 이를 통해 항공기의 자세와 방향을 조정합니다. 또한, 조종사의 조작을 감지하고 반응하는 센서와 컴퓨터도 포함되어 있습니다.

2.**비행 통제 시스템**: 항공기의 안정성과 균형을 유지하기 위한 시스템으로, 자이로스코프, 가속도계, 기압계 등의 센서를 이용하여 항공기의 상태를 파악하고, 자동으로 적절한 조치를 취합니다. 예를 들어, 항공기가 기울거나 회전하는 경우, 비행 통제 시스템은 자동으로 조종면을 움직여 수평을 유지합니다.

3.**항법 시스템**: 항공기의 위치와 경로를 파악하기 위한 시스템으로, GPS(Global Positioning System)와 관성 항법장치(INS: Inertial Navigation System)등이 대표적인 예시입니다. GPS는 위성 신호를 이용하여 항공기의 위치를 정확하게 파악하며, INS는 항공기의 속도, 방향, 가속도 등을 측정하여 위치를 계산합니다. 

이러한 안전 기술과 시스템은 서로 연동되어 작동하며, 항공기의 안전 운항에 큰 역할을 합니다. 만약 하나라도 고장이 나면 다른 시스템들이 이를 보완하거나 대체하여 비상 상황에도 대처할 수 있도록 설계되어 있습니다. 하지만, 모든 사고를 완전히 예방할 수는 없기 때문에, 항공기 제작사와 운영사는 지속적인 연구와 개발을 통해 더 안전한 항공기를 만들기 위해 노력하고 있습니다."
"['석탄, 석유, 천연가스와 같은 화석 연료의 생산과 사용에 어떤 과정이 포함되는가?']","화석 연료란 지질 시대에 생물의 유해가 땅속에 묻혀 오랜 시간 동안 열과 압력을 받아 만들어진 연료를 말한다. 이러한 화석 연료에는 석탄, 석유, 천연가스 등이 있다. 이들 각각의 생성 과정 및 특징은 다음과 같다.

먼저, 석탄은 주로 고생대부터 중생대에 걸쳐 얕은 바다에서 퇴적된 식물성 플랑크톤이나 해조류들이 쌓여 형성된다. 이후 지각 변동으로 인해 땅 속 깊이 묻히게 되고, 높은 온도와 압력을 받으면서 탄소 성분만이 남게 된다. 이렇게 만들어진 석탄은 고체 형태이며, 연소 시 이산화탄소와 물을 배출한다. 

석유는 주로 중생대 백악기나 신생대 제3기에 살았던 동물의 사체로부터 만들어진다. 죽은 동물의 사체 위에 진흙이나 모래 등이 덮이고, 그 위로 계속해서 퇴적물이 쌓이면서 강한 압력과 지열을 받게 된다. 이때 유기물들은 화학 반응을 일으켜 액체 상태의 탄화수소로 변하게 되는데 이것이 바로 석유이다. 석유는 액체인 특성상 수송과 저장이 편리하며, 다양한 산업 분야에서 활용되고 있다.

마지막으로, 천연가스는 지하 깊은 곳 암석층 사이에서 발생하는 기체 상태의 탄화수소 혼합물이다. 대부분 메탄(CH4)으로 이루어져 있으며, 유전이나 가스전에서 채굴하여 파이프라인이나 LNG 운반선을 통해 소비지까지 운송된다. 다른 화석 연료에 비해 상대적으로 적은 이산화탄소를 배출하므로 환경 친화적인 에너지로 평가받고 있다."
['다각형과 원의 차이는 무엇인가?'],"다각형이란 3개 이상의 직선으로 둘러싸인 평면도형을 의미하며, 그 직선들을 다각형의 변이라고 합니다. 이때 각 변들이 이루는 도형의 안쪽 부분을 내각이라 하고, 바깥쪽 부분을 외각이라고 부릅니다. 이러한 다각형은 변이 몇 개인지에 따라 삼각형, 사각형, 오각형 등으로 분류할 수 있습니다. 

반면에 원은 한 점에서 같은 거리에 있는 모든 점이 모여 이루어진 도형으로, 중심점인 원의 중심과 원 위의 한 점을 이은 선분(반지름)의 길이가 모두 같습니다. 또한 원은 어떤 방향으로든 일정한 모양을 유지하기 때문에 대칭성을 가지고 있으며, 이를 통해 다양한 성질을 파악할 수 있습니다.

요약하자면, 다각형은 여러 개의 직선으로 이루어져 있고 이들의 개수에 따라 이름이 붙여지는 반면, 원은 하나의 곡선으로 이루어지며 반지름의 길이가 모두 같다는 차이가 있습니다. 이런 차이로 인해 두 도형은 각각 다른 성질을 가지게 됩니다."
['빛은 어떻게 전파되는 전자기파인가?'],"빛은 전자기파의 일종으로, 전기장과 자기장이 서로 수직으로 진동하면서 공간을 통해 전파됩니다. 이러한 빛의 전파 방식은 맥스웰 방정식이라는 수학적 공식으로 설명할 수 있습니다. 이 방정식은 전기장과 자기장의 상호작용을 기술하며, 이를 통해 빛이 어떻게 전파되는지 예측할 수 있습니다.

빛은 파장에 따라 다양한 종류로 구분되는데, 파장이 짧은 자외선부터 파장이 긴 적외선까지 다양한 스펙트럼을 가지고 있습니다. 각 파장대의 빛은 고유한 특성을 가지며, 우리 눈에는 가시광선이라고 불리는 특정 범위의 파장대의 빛만 인식됩니다.

빛의 속도는 초당 약 30만 km로 매우 빠르며, 직진성과 반사 및 굴절 등의 성질을 가지고 있습니다. 이러한 성질들은 빛이 일상생활에서 다양한 용도로 활용되는 데 중요한 역할을 합니다. 예를 들어, 빛의 직진성은 레이저나 광통신 등에서 활용되며, 반사와 굴절은 거울이나 렌즈 등에서 활용됩니다."
['IPv4와 IPv6의 차이점은 무엇이며 왜 IPv6가 필요한가?'],"IPv4와 IPv6는 인터넷 프로토콜(IP) 주소 체계이다. 두 체계는 IP 주소 공간 크기, 주소 할당 방식, 헤더 형식 등에서 차이가 있다.

먼저, IPv4는 32비트 주소체계로 약 43억 개의 주소공간을 제공한다. 반면 IPv6는 128비트 주소체계로 거의 무한대의 주소공간을 제공한다. 이는 현재 폭발적으로 증가하는 인터넷 기기들을 수용하기 위해 필수적이다. 또한 IPv4는 고갈 상태이기 때문에 새로운 주소 자원이 필요하다.

두 번째로, IPv6는 자동 주소 설정 기능을 가지고 있어 네트워크 관리자가 일일이 수동으로 주소를 설정할 필요가 없다. 이를 통해 효율적인 주소 할당 및 관리가 가능하며 보안성도 향상된다. 

마지막으로, IPv6는 확장 헤더를 지원하여 더 많은 서비스를 제공할 수 있다. 예를 들어, 멀티캐스트, 애니캐스트, 이동성 지원 등 다양한 기능을 추가할 수 있으며 패킷 처리 속도도 빨라진다. 이러한 이유로 IPv6는 미래의 인터넷 환경을 위한 필수 요소로 여겨지고 있다."
['대기 오염의 원인은 무엇인가?'],"대기 오염의 주요 원인은 다음과 같습니다.

1.**산업 활동**: 산업 현장에서는 다양한 화학 물질과 연료를 사용하며, 이 과정에서 대기 중으로 유해 물질이 배출됩니다. 특히, 석탄, 석유 등의 화석 연료를 연소할 때 발생하는 이산화탄소, 일산화탄소, 미세먼지 등은 대기 오염의 주요 원인 중 하나입니다. 또한, 산업 공정에서 발생하는 화학 물질도 대기 오염을 유발할 수 있습니다.

2.**교통 수단**: 자동차, 비행기, 선박 등의 교통 수단은 대기 오염의 또 다른 주요 원인 중 하나입니다. 교통 수단이 배출하는 배기가스에는 질소산화물, 탄화수소, 미세먼지 등이 포함되어 있으며, 이러한 물질들은 대기 중에서 화학 반응을 일으켜 스모그나 오존 등의 대기 오염 물질을 생성합니다.

3.**농업 활동**: 농업 활동에서도 대기 오염이 발생할 수 있습니다. 비료나 살충제 등의 화학 물질을 사용하거나, 가축의 분뇨를 처리하는 과정에서 대기 중으로 유해 물질이 배출될 수 있습니다. 또한, 농업용 기계나 장비에서 발생하는 미세먼지도 대기 오염의 원인 중 하나입니다.

이러한 대기 오염 물질은 인체 건강에 악영향을 미칠 뿐만 아니라, 지구 온난화와 기후 변화에도 영향을 미칩니다. 따라서, 대기 오염을 줄이기 위해서는 산업, 교통, 농업 등 다양한 분야에서 적극적인 노력이 필요합니다."
['화학공학에서 물질의 거동을 어떻게 모델링 하는가?'],"화학공학에서 물질의 거동을 모델링하기 위해서는 수학적 모델링 방법이 주로 사용된다. 이 때, 화학 반응식, 열역학 법칙, 유체역학 등 다양한 이론들이 적용되며, 이를 통해 시스템의 동적 특성을 예측할 수 있다.

수학적 모델링에는 미분방정식, 차분방정식, 유한요소법 등 여러 가지 방법이 있으며, 각각의 방법은 장단점이 존재한다. 예를 들어, 미분방정식은 복잡한 시스템을 모델링하는데 적합하지만, 계산이 복잡하고 시간이 오래 걸리는 단점이 있다. 반면, 차분방정식은 계산이 빠르고 정확도가 높지만, 단순한 시스템에만 적용 가능하다.

또한, 화학공학에서는 실험 데이터를 수집하여 모델링 결과를 검증하기도 한다. 이러한 과정을 통해 모델링의 정확도를 향상시키고, 실제 시스템과의 차이를 최소화할 수 있다. 따라서, 화학공학에서의 모델링은 매우 중요하며, 이를 통해 효율적인 공정 설계와 운영이 가능해진다."
['음성 인식 기술을 활용한 의료 분야의 혁신적인 응용 사례가 어떤 것이 있는가?'],"음성 인식 기술은 의료 분야에서 다양한 혁신적인 응용 사례를 보여주고 있습니다. 이 기술은 환자와 의사 간의 소통을 개선하고, 의료 서비스 제공 방식을 변화시키고 있습니다. 여기 몇 가지 예시를 들어 보겠습니다.

첫째로, 음성 인식 기술은 원격 진료 환경에서 유용하게 사용됩니다. 멀리 떨어진 지역에서도 쉽게 접근할 수 있는 의료 서비스를 제공하는데 도움을 줍니다. 예를 들어, 만성 질환을 가진 노인들은 정기적으로 병원을 방문하기 어려울 수 있습니다. 이때 음성 인식 기술을 이용하면 집에서 편안하게 건강 상태를 모니터링하고 필요한 조치를 취할 수 있습니다. 또한, 원거리에서의 진단 및 처방도 가능해집니다.

두 번째로, 음성 인식 기술은 장애인이나 청각 장애인에게 큰 도움을 줄 수 있습니다. 수화나 텍스트 기반의 통신 방법으로는 한계가 있을 수 있는데, 음성 인식 기술을 통해 더 원활한 커뮤니케이션이 가능해집니다. 특히 응급 상황에서는 신속한 대처가 중요한데, 음성 인식 기술을 통한 빠른 정보 전달로 생명을 구할 수도 있습니다.

마지막으로, 음성 인식 기술은 의료 기록 관리에도 효율성을 높일 수 있습니다. 기존에는 종이 또는 전자 문서 형태로 보관되어 있어 검색하거나 업데이트 하는데 시간이 많이 소요되었습니다. 그러나 음성 인식 기술을 적용하면 실시간으로 녹음된 음성 데이터를 텍스트로 변환하여 저장하므로 빠르고 정확한 조회가 가능해지며, 의료진들의 업무 부담을 줄일 수 있습니다. 

이러한 혁신적인 응용 사례들을 통해 음성 인식 기술은 의료 분야에서 더욱 발전하며, 환자와 의료진 모두에게 긍정적인 영향을 미칠 것으로 기대됩니다."
['임상시험에서 임상 시험자와 임상 모니터의 역할은 무엇인가?'],"임상시험에서 임상 시험자는 연구 책임자로서 해당 임상시험이 계획서, 표준작업지침서(SOP) 및 관련 규정에 따라 실시되도록 총괄·관리하며, 임상시험 대상자의 권익 보호와 안전을 최우선으로 고려해야 합니다. 이를 위해 다음과 같은 업무를 수행합니다.

1. 임상시험계획서 개발: 임상시험 목적 달성에 필요한 정보를 수집하여 임상시험계획서를 개발합니다. 이 과정에서는 윤리적, 과학적, 통계학적 측면 등을 고려해야 합니다.
2. 임상시험대상자 모집: 임상시험 참여가 가능한 대상자를 모집하고 선정 기준에 따라 참여자를 선별합니다. 
3. 임상시험 실시: 실제 임상시험을 진행하면서 모니터링, 점검, 자료 정리 등을 수행합니다.
4. 이상반응 보고 및 조치: 임상시험 중 발생할 수 있는 이상반응을 신속하게 파악하고 적절한 조치를 취해야 합니다.
5. 결과 분석 및 보고: 임상시험 종료 후에는 데이터를 분석하고 그 결과를 보고서 형태로 작성하여 제출합니다.

한편, 임상 모니터는 임상시험 실시기관에서 임상시험이 국제적으로 인정받는 임상시험 관리기준(ICH GCP)에 따라 실시되고 있는지 확인하기 위해 독립적으로 활동하는 전문가입니다. 주요 업무는 다음과 같습니다.

1. 임상시험 기관 방문: 임상시험기관을 주기적으로 방문하여 SOP 준수 여부, 문서 검토, 무작위배정 현황, 증례기록서/CRF 입력 상태, 피험자 스크리닝 및 동의서 획득 절차 등을 평가합니다.
2. 문제 발견 및 해결: 임상시험 도중 예상치 못한 문제가 발생하면 즉시 조사하고 원인을 파악하여 대응 방안을 제시합니다.
3. 정기적인 보고서 작성: 각 방문 시마다 관찰한 사항들을 기록하고, 문제점들과 개선사항들을 포함한 보고서를 작성하여 의뢰자나 규제기관에 제출합니다.
4. 교육 제공: 임상시험 관련자들에게 ICH GCP나 SOP등에 대한 교육을 제공하기도 합니다."
['과학적 연구가 식품에서 발암물질의 존재와 위험성을 어떻게 확인하는가?'],"과학적 연구는 식품에서 발암물질의 존재와 위험성을 다양한 방법으로 확인한다. 첫 번째 방법은 화학 분석이다. 이 방법은 식품 내에 존재하는 특정 화학 물질을 식별하고 그 양을 측정하기 위해 사용된다. 이를 위해 질량 분석기, 핵자기공명 분광기 등의 장비가 사용되며, 이러한 기술들은 매우 정확하여 극소량의 화학 물질도 감지할 수 있다.

두 번째 방법은 동물 실험이다. 일부 경우에는 인간에게 직접 실험을 할 수 없기 때문에 쥐나 다른 동물들을 대상으로 실험이 진행된다. 이런 실험에서는 암 발생률 증가 여부를 관찰하며, 어떤 종류의 음식물이 더 높은 위험을 초래하는지 파악한다. 

세 번째 방법은 역학 연구이다. 이것은 인구 집단을 대상으로 식습관과 건강 상태를 추적 조사함으로써 잠재적인 연관성을 찾아내는 것이다. 예를 들어, 특정 지역 주민들 사이에서 특정 질병 발병률이 높을 때, 해당 지역의 식습관 및 환경 요인을 조사하여 원인을 규명하려는 연구가 역학 연구에 해당한다. 이렇게 수집한 데이터를 통해 사람들이 일상적으로 섭취하는 식품 중 어떤 것이 암 유발 가능성이 있는지 판단할 수 있다."
['검색 엔진에서의 띄어쓰기 영향은 무엇인가?'],"검색 엔진에서 띄어쓰기의 영향은 다음과 같습니다.

첫째, 검색 결과의 정확도가 달라집니다. 예를 들어 '사과'와 '사과나무'라는 두 단어를 검색할 때, 띄어쓰기를 하지 않으면 두 단어 모두 포함된 문서만이 검색됩니다. 하지만 띄어쓰기를 하면 각각의 단어가 포함된 문서들이 따로 검색되어 더 많은 정보를 얻을 수 있습니다.

둘째, 검색 결과의 양이 달라질 수 있습니다. 앞서 언급한 것처럼 특정 단어들을 띄어쓰기하지 않고 검색하면 해당 단어들 사이의 연관성이 높은 문서들만을 보여주기 때문에 검색 결과의 양이 적어집니다. 반대로 띄어쓰기를 하여 검색하면 다양한 조합의 키워드를 가진 문서들이 검색되기 때문에 보다 많은 수의 검색 결과를 확인할 수 있습니다.

셋째, 검색 의도 파악에도 영향을 미칩니다. 일반적으로 사람들은 문장 단위로 생각하기 때문에 자연스러운 의미 전달을 위해서는 적절한 띄어쓰기가 필요합니다. 따라서 검색 엔진에서도 띄어쓰기를 고려하여 검색어를 처리하며, 이를 통해 사용자의 검색 의도를 더욱 정확하게 파악할 수 있습니다."
['토양 생물학 연구에서 어떤 신기한 발견이 있었나?'],"토양 생물학 연구에서는 다양한 신기한 발견들이 있었습니다. 그 중 하나는 토양 속 미생물들이 지구 대기의 화학적 구성을 조절한다는 것입니다. 이들은 대기 중 이산화탄소와 질소 등의 기체 농도를 조절하여 기후 변화에도 영향을 미칩니다. 또한, 토양 속 미생물들은 식물의 성장과 발달에도 중요한 역할을 합니다. 이들은 식물 뿌리 주변에서 영양분을 분해하여 식물이 흡수할 수 있는 형태로 만들어주며, 식물의 면역력을 강화시켜 질병으로부터 보호하기도 합니다.

또 다른 신기한 발견으로는 토양 속 미생물들이 인간의 건강에도 영향을 미친다는 것입니다. 일부 미생물은 인간의 장 내에서 소화를 돕고, 면역 체계를 강화하며, 암 예방에도 효과가 있습니다. 또, 토양 속 미생물들의 유전자 정보를 분석하여 새로운 항생제나 치료제를 개발할 수도 있습니다. 

마지막으로, 토양 생물학 연구에서는 토양의 생태계가 매우 복잡하고 다양하다는 것도 밝혀졌습니다. 토양 속에는 수많은 종류의 미생물, 곤충, 동물 등이 살고 있으며, 이들은 서로 상호작용하며 토양의 건강과 생산성을 유지합니다. 이러한 복잡한 생태계를 이해하면, 토양의 건강을 유지하고 지속 가능한 농업을 실현하는 데 도움이 됩니다."
['광합성에서 물 분자가 어떻게 사용되는가?'],"광합성 과정에서 물 분자는 두 가지 중요한 역할을 합니다. 첫 번째로는 이산화탄소와 결합하여 포도당을 생성하는 데 필요한 원료 중 하나인 탄소 원자를 제공하는 것이고, 두 번째로는 전자 전달계라는 과정을 통해 ATP(adenosine triphosphate)라는 에너지 저장 분자를 생성하는 데 도움을 주는 것입니다.

물이 분해되면 수소 이온(H+)과 수산화 이온(OH-)이라는 두 개의 이온이 생성됩니다. 이 때 생긴 수소 이온은 스트로마 내부로 들어가 NADP+라는 조효소와 결합하여 NADPH2 라는 물질을 형성합니다. 이렇게 만들어진 NADPH2는 이산화탄소와 결합하여 포도당을 합성하는 캘빈 회로에서 중요한 역할을 합니다.

한편, 광합성 과정에서 발생한 산소는 광계 II에서 방출된 전자들이 물의 분해로부터 나온 양성자와 만나 산화되면서 생성됩니다. 이러한 전자 전달과정에서는 ADP + Pi 가 ATP로 전환되는데, 이 때에도 물 분자가 꼭 필요합니다. 따라서, 광합성에서 물 분자는 매우 중요한 역할을 한다고 할 수 있습니다."
"['센서가 로봇의 작업에 어떤 역할을 하며, 어떻게 데이터를 수집하고 해석하는지 설명하시오.']","센서는 로봇이 주변 환경에서 정보를 수집하는데 중요한 역할을 합니다. 센서는 다양한 형태와 종류가 있으며, 각각의 센서들은 특정한 물리적 현상을 감지하여 데이터를 수집합니다. 이러한 데이터는 로봇의 제어 시스템에 입력되어 로봇이 상황에 맞게 행동하도록 돕습니다.

로봇에 사용되는 대표적인 센서로는 시각 센서, 청각 센서, 촉각 센서 등이 있습니다. 시각 센서는 카메라나 레이저 스캐너 등을 이용하여 주변 환경을 인식하며, 이를 통해 로봇은 물체의 위치, 모양, 색상 등을 파악할 수 있습니다. 청각 센서는 마이크나 스피커 등을 이용하여 소리를 감지하며, 이를 통해 로봇은 음성 명령을 인식하거나 주변 소음을 분석할 수 있습니다. 촉각 센서는 접촉 및 압력을 감지 할 수 있는 센서로서 터치스크린, 힘 센서, 근접 센서 등이 이에 속합니다. 

수집된 데이터는 알고리즘을 통해 해석되며, 이를 바탕으로 로봇은 적절한 행동을 취합니다. 예를 들어, 시각 센서를 통해 얻은 데이터를 기반으로 로봇은 물체를 식별하고 그에 따라 이동 경로를 결정할 수 있습니다. 청각 센서를 통해 얻은 데이터를 활용하면 사람들의 음성 명령을 인식하고 그에 따른 응답을 제공할 수 있습니다. 이렇게 센서 기술은 로봇공학 분야에서 매우 중요한 역할을 하고 있습니다."
['정수와 확률 및 통계의 현대적 응용 사례를 설명하시오.'],"정수론은 수의 성질을 연구하는 수학 분야 중 하나로, 자연수, 정수, 유리수 등 다양한 수의 체계에서 나타나는 성질들을 다룬다. 이 학문은 고대 그리스부터 발전되어 왔으며, 현재까지도 많은 수학자들이 연구하고 있다. 

확률과 통계는 데이터 분석과 예측에 중요한 역할을 한다. 예를 들어, 의학 분야에서는 환자들의 건강 상태와 치료 방법 선택에 필요한 정보를 얻기 위해 대규모 데이터셋을 분석한다. 또한, 금융 분야에서는 주식 가격 변동성과 투자 전략 수립에 활용된다.

현대에는 인공지능 기술이 발전하면서, 정수론과 확률 및 통계가 더욱 활발하게 응용되고 있다. 특히, 암호학 분야에서는 정수론을 기반으로 한 암호 체계가 개발되어 안전한 통신과 거래를 보장하는데 기여하고 있다. 또, 머신러닝 알고리즘에서도 확률과 통계 개념이 적용되어 보다 정확한 예측과 분류 결과를 도출할 수 있게 되었다."
['심해에서는 태양빛을 볼 수 있는가?'],"심해에서 태양빛을 보는 것은 불가능합니다. 그 이유는 다음과 같습니다.

첫째, 수심이 깊어질수록 빛의 세기가 감소하기 때문입니다. 태양빛은 대기권을 통과하면서 일부는 반사되고, 일부는 흡수됩니다. 그리고 바다에 도달한 후에는 물에 흡수되거나 산란되어 심해까지 도달하지 못합니다. 특히, 수심 1,000m 이하부터는 빛의 세기가 급격히 감소하여, 깊이 들어갈수록 거의 보이지 않게 됩니다.

둘째, 심해는 수온이 낮고 압력이 높기 때문에 생물들이 살기 어려운 환경입니다. 이러한 환경에서는 생물들이 광합성을 하기 어렵기 때문에, 식물이 자라지 않습니다. 또한, 먹이 사슬이 단순하여 생물의 종류가 적고 개체 수도 적습니다.

셋째, 심해는 인간이 탐사하기 어려운 지역입니다. 깊은 곳일수록 물의 압력이 높아지기 때문에, 잠수 장비를 이용해도 탐사할 수 있는 깊이가 제한됩니다. 게다가, 심해는 수온이 낮고 빛이 없기 때문에, 탐사 과정에서 많은 어려움이 따릅니다.

이러한 이유로 인해, 심해에서는 태양빛을 볼 수 없습니다. 대신, 심해에서는 자체적으로 생성된 빛인 '심해광'이 존재합니다. 이는 미생물이나 화산 활동 등에 의해 생성되며, 심해 생물들의 생존에 중요한 역할을 합니다."
['검색 엔진 최적화 (SEO)를 개선하는 데 필요한 조치는 어떤 게 있는가?'],"검색 엔진 최적화(SEO)를 개선하기 위해서는 다음과 같은 조치가 필요하다.

첫째, 웹사이트의 콘텐츠 품질을 향상시켜야 한다. 검색 엔진은 사용자에게 유용하고 신뢰할 수 있는 정보를 제공하는 것을 목표로 하기 때문에, 고품질의 콘텐츠를 제공하는 웹사이트를 상위에 노출시킨다. 이를 위해 전문 용어를 줄이고, 간결하고 명확한 문장을 사용하며, 다양한 주제와 키워드를 포함시키는 것이 좋다. 또, 이미지나 동영상 등의 멀티미디어 콘텐츠를 활용하여 사용자의 관심을 끌어야 한다.

둘째, 메타 태그를 적절히 활용해야 한다. 메타 태그는 웹페이지의 제목, 설명, 키워드 등을 기술하는 HTML 요소이다. 검색 엔진은 이 메타 태그를 기반으로 웹페이지의 내용을 파악하므로, 메타 태그를 정확하고 적절하게 작성하면 검색 결과에서 더 높은 순위를 차지할 수 있다. 특히, 키워드는 경쟁이 치열한 분야에서는 더욱 중요하다.

셋째, 백링크를 확보해야 한다. 백링크는 다른 웹사이트에서 내 웹사이트로 연결되는 링크를 말한다. 검색 엔진은 백링크를 통해 웹사이트의 인기도와 신뢰도를 평가한다. 따라서, 자신의 웹사이트와 관련된 분야의 다른 웹사이트들과 적극적으로 교류하고, 그들로부터 백링크를 받는 것이 SEO 개선에 큰 도움이 된다. 

이러한 조치들을 꾸준히 실천하면 검색 엔진 최적화를 개선할 수 있으며, 보다 많은 사용자들이 내 웹사이트를 방문하도록 유도할 수 있다."
['나무의 생태학적 역할은 생태계 안에서 어떻게 중요한가?'],"나무는 생태계 내에서 다양한 생태학적 역할을 수행하며, 그 중요성은 매우 큽니다. 먼저, 나무는 광합성을 통해 대기 중 이산화탄소를 흡수하고 산소를 방출하여 지구 온난화와 대기 오염을 완화하는 데 기여합니다. 이 과정에서 나무는 토양의 침식을 방지하고 물을 저장하여 건조 지역에서도 생물들이 살아갈 수 있는 환경을 제공합니다.

또, 나무는 곤충, 새, 포유류 등 다양한 동물들의 서식지와 먹이 공급원이 됩니다. 나무 위나 주변에는 많은 종류의 생명체가 존재하며, 이들은 서로 상호작용하며 생태계의 균형을 유지합니다. 예를 들어, 나무 열매는 조류와 포유류의 먹이가 되며, 이로 인해 씨앗이 널리 퍼져 새로운 나무가 자라나게 됩니다. 또, 나무 구멍은 곤충이나 작은 동물들의 집이 되어 보호와 번식 장소로 활용됩니다.

마지막으로, 나무는 자연재해로부터 생태계를 보호하는 역할도 합니다. 뿌리와 줄기를 통해 땅을 지지함으로써 산사태나 홍수 등의 자연재해를 예방할 수 있으며, 바람을 막아 다른 식물들과 동물들을 보호하기도 합니다. 이러한 이유로, 나무는 생태계 건강성과 지속 가능성에 매우 중요한 역할을 하며, 우리 모두가 적극적으로 보호해야 할 소중한 자원입니다."
['정신 질환과 정신적 건강의 관리는 어떻게 이루어지는가?'],"정신 질환과 정신적 건강의 관리는 다양한 방법으로 이루어집니다. 첫 번째로 약물 치료와 심리 치료가 있습니다. 이 두 가지 방법은 가장 일반적으로 사용되는 관리 방법 중 하나이며, 각각의 장단점이 있습니다. 

약물 치료는 뇌의 화학적 불균형을 조절하여 증상을 완화시키는 데 도움을 줍니다. 대표적인 약물로는 항우울제, 항불안제, 조현병 치료제 등이 있습니다. 그러나 부작용이 있을 수 있으며, 장기적인 복용이 필요한 경우도 있습니다. 또 개인마다 효과가 다를 수 있기 때문에, 적절한 용량과 종류를 선택하는 것이 중요합니다.

심리 치료는 인지행동치료, 대인관계치료, 정신분석치료 등 다양한 종류가 있습니다. 이러한 치료법들은 환자의 생각과 행동을 변화시켜 증상을 완화시키는 데 도움을 줍니다. 특히 자신의 감정을 인식하고 조절하는 능력을 향상시키고, 스트레스에 대처하는 방법을 배울 수 있습니다. 하지만 시간과 비용이 많이 소요되며, 전문가의 도움이 필요합니다.

또 최근에는 디지털 기술을 활용한 관리 방법도 등장하고 있습니다. 예를 들어, 스마트폰 앱을 이용하여 자가 진단을 하고, 전문가와 상담을 할 수 있습니다. 또 가상현실(VR) 기술을 이용하여 재활 훈련을 할 수도 있습니다. 이런 새로운 방식들이 기존의 전통적인 접근법들과 함께 사용되면 더욱 효과적인 관리가 가능할 것으로 기대됩니다."
['항생물질을 생산하는 세균은 어떻게 발견되고 활용되는가?'],"세균은 자연계에서 다양한 물질을 분해하거나 합성하여 생명 활동에 필요한 에너지를 얻습니다. 이러한 과정에서 일부 세균은 항생물질이라는 화학 물질을 생산하기도 합니다. 항생물질은 다른 세균의 성장을 억제하거나 죽이는 효과가 있어, 인간이 감염병을 치료하는 데 중요한 역할을 합니다.

최초의 항생물질은 1928년 알렉산더 플레밍이 발견한 페니실린입니다. 플레밍은 포도상구균을 배양하던 중 우연히 푸른곰팡이가 오염된 것을 발견하였고, 이 곰팡이 주변의 포도상구균이 자라지 못하는 것을 관찰하였습니다. 이후 연구를 통해 그 원인이 곰팡이가 생산하는 페니실린이라는 것을 밝혀냈습니다.

현재는 다양한 종류의 항생물질이 발견되어 있으며, 이를 생산하는 세균도 다양합니다. 대표적인 예로는 스트렙토마이신을 생산하는 스트렙토마이세스, 테트라사이클린을 생산하는 방선균 등이 있습니다. 또한, 최근에는 유전자 조작 기술을 이용하여 새로운 항생물질을 생산하는 세균을 개발하는 연구도 진행되고 있습니다. 이렇게 새롭게 발견되거나 개발된 항생물질은 기존의 항생제에 내성을 가진 세균을 치료하는 데에도 활용될 수 있습니다."
['화학 반응에서 중요한 역할을 하는 에너지 장벽은 무엇인가?'],"화학 반응에서 중요한 역할을 하는 에너지 장벽은 활성화 에너지(activation energy)라고 합니다. 이 에너지는 화학 반응이 일어나기 위해 필요한 최소한의 에너지로, 반응 물질이 생성 물질로 변하기 위해서는 반드시 넘어야 하는 장벽입니다. 

활성화 에너지가 높은 경우에는 반응이 느리게 일어나며, 낮은 경우에는 빠르게 일어납니다. 예를 들어, 연소 반응에서는 활성화 에너지가 낮기 때문에 빠르게 일어나는 반면, 합성 반응에서는 활성화 에너지가 높기 때문에 느리게 일어납니다.

이러한 활성화 에너지를 낮추기 위한 방법으로는 촉매를 사용하거나 온도나 압력을 높이는 등의 방법이 있습니다. 이러한 방법들을 통해 화학 반응의 속도를 조절할 수 있으며, 이를 통해 우리는 다양한 화학 제품을 생산하고 환경 오염을 방지하는 등의 일을 할 수 있습니다."
['Wi-Fi를 통해 어떤 종류의 장치와 연결할 수 있는가?'],"Wi-Fi는 무선 네트워크 기술 중 하나로, 전자기파를 이용하여 데이터를 전송하는 방식이야. Wi-Fi를 통해 다양한 종류의 장치와 연결할 수 있는데, 대표적인 것들은 다음과 같아.

1.**스마트폰**: 가장 많이 사용되는 장치지. Wi-Fi를 통해 인터넷에 접속하여 정보를 검색하거나 소셜 미디어를 이용할 수 있어. 또한, 스마트폰에서 음악이나 동영상을 스트리밍해서 감상할 수도 있지.

2.**노트북**: 휴대성이 좋아서 이동하면서도 인터넷을 이용할 수 있는 장점이 있어. 노트북에서도 스마트폰과 마찬가지로 인터넷 서핑, 이메일 확인, 문서 작성 등 다양한 작업을 할 수 있어.

3.**태블릿**: 화면이 크기 때문에 더 많은 정보를 한 눈에 볼 수 있어서 편리하지. 태블릿에서도 스마트폰과 노트북처럼 인터넷을 이용할 수 있고, 게임이나 동영상 시청 등 다양한 용도로 활용돼.

4.**스마트 TV**: 큰 화면으로 인터넷을 즐길 수 있기 때문에 인기가 많아. 유튜브나 넷플릭스 등의 OTT 서비스를 이용하면 영화나 드라마를 쉽게 볼 수 있으며, 인터넷 쇼핑몰을 이용하기도 쉬워.

5.**게임 콘솔**: 최근에는 대부분의 게임 콘솔이 Wi-Fi를 지원하기 때문에 인터넷을 통해 다른 사람들과 함께 게임을 즐길 수 있어. 온라인 멀티플레이 모드를 이용하면 더욱 재미있게 게임을 플레이할 수 있지. 

6.**사물인터넷(IoT) 기기**: Wi-Fi를 통해 집안의 조명, 에어컨, 냉장고 등을 제어할 수 있어. 외출 시에도 스마트폰을 이용하여 집안의 상태를 확인하고 조절할 수 있다는 점이 특징이야. 이 외에도 Wi-Fi를 지원하는 카메라, 스피커, 프린터 등 다양한 기기들이 존재해."
['맥 지역에서의 지형적 특징과 지형 학습은 어떻게 이루어지는지 설명하시오.'],"맥 지역은 한반도와 중국 동북지방 사이에 위치한 랴오둥 반도에서 가장 높은 산인 백두산이 자리 잡은 곳으로, 화산 활동과 지각 변동 등 다양한 지질학적 과정을 통해 형성된 독특한 지형적 특징을 가지고 있습니다. 이러한 지형적 특징은 맥 지역의 자연환경과 역사, 문화에 큰 영향을 미쳤으며, 이를 이해하기 위해서는 지형 학습이 필수적입니다.

먼저, 맥 지역에서는 백두산을 비롯한 여러 화산들이 활동하면서 현무암, 유문암, 응회암 등 다양한 암석들이 생성되었습니다. 이들 암석은 맥 지역의 지형 구조와 형태를 결정하는 데 중요한 역할을 합니다. 또한, 화산 폭발로 인해 만들어진 용암대지, 칼데라, 화구호 등의 지형도 맥 지역에서 흔히 볼 수 있는 지형적 특징 중 하나입니다.

또한, 맥 지역에서는 지각 변동과 침식 작용 등의 지질학적 과정을 통해 다양한 지형이 형성되었습니다. 예를 들어, 대륙 충돌로 인해 융기된 산맥들은 맥 지역의 동쪽과 서쪽 경계를 이루고 있으며, 하천의 침식 작용으로 인해 만들어진 V자곡, 폭포, 협곡 등도 맥 지역에서 찾아볼 수 있습니다. 

이러한 지형적 특징들을 학습함으로써 우리는 맥 지역의 자연환경과 역사, 문화를 더 잘 이해할 수 있고, 지구과학 분야에서도 유용한 지식을 얻을 수 있습니다. 따라서, 맥 지역의 지형적 특징과 지형 학습은 매우 중요한 연구 주제 중 하나라고 할 수 있습니다."
['지구 온난화와 물 부족 문제가 곡물 생산에 미치는 영향을 어떻게 예방할 수 있는가?'],"지구 온난화와 물 부족 문제는 전 세계적인 식량 안보에 큰 위협이 되고 있습니다. 이러한 문제들은 곡물 생산에 직접적인 영향을 미치며, 이에 따라 다양한 예방책이 필요합니다.

첫째로, 지구 온난화로 인해 기온이 상승하면 작물의 성장 속도가 빨라지고 생산량이 증가할 수 있지만, 고온 환경에서는 식물의 광합성 효율이 감소하고 수분 손실이 증가하여 수확량이 감소할 수 있습니다. 이를 방지하기 위해 농업 분야에서는 기후 변화에 적응할 수 있는 새로운 품종을 개발하거나, 적절한 관개 기술을 활용하여 토양 수분을 유지하는 등의 노력이 필요합니다.

둘째로, 물 부족 문제는 대부분의 지역에서 심각한 문제이며, 특히 건조 지역에서는 더욱 심각합니다. 물 부족 문제를 해결하기 위해서는 물의 효율적인 사용이 중요하며, 빗물 수집 및 저장 시스템 구축, 해수 담수화 기술 개발, 지하수 개발 등의 방법들이 고려될 수 있습니다. 또한, 지속 가능한 농업 방식을 도입하여 물 사용량을 줄이는 것도 중요합니다.

마지막으로, 지구 온난화와 물 부족 문제는 서로 밀접하게 연관되어 있으며, 두 문제를 함께 해결하는 것이 중요합니다. 예를 들어, 재생에너지를 활용하여 온실가스 배출을 줄이고, 친환경적인 농업 방식을 도입하여 물 사용량을 줄이는 등의 종합적인 대책이 필요합니다. 

이러한 노력들을 통해 지구 온난화와 물 부족 문제가 곡물 생산에 미치는 부정적인 영향을 최소화하고, 안정적인 식량 공급을 유지할 수 있을 것입니다."
['행렬 연산을 하는 방법에 대해 설명하시오.'],"행렬 연산은 선형 대수학에서 다루는 중요한 개념 중 하나이며, 행렬끼리 더하고 빼고 곱하는 등의 연산을 할 수 있습니다. 이를 통해 다양한 문제를 해결할 수 있으며, 특히 컴퓨터 그래픽스나 물리학 등 여러 분야에서 활용됩니다.

행렬 덧셈은 두 행렬이 같은 크기일 때 가능하며, 각 원소별로 더합니다. 예를 들어, 2x2 행렬 A와 B가 있을 때, (1, 1) 원소는 A(1, 1) + B(1, 1)이고, (2, 2) 원소는 A(2, 2) + B(2, 2)인 식으로 계산합니다. 이렇게 구한 결과는 새로운 2x2 행렬 C가 됩니다.

행렬 곱셈은 두 행렬의 차원에 따라 가능 여부가 결정되며, 일반적으로 첫 번째 행렬의 열의 개수와 두 번째 행렬의 행의 개수가 같을 때에만 가능합니다. 이때, 각각의 원소들은 대응하는 원소들을 곱한 후 더하는 방식으로 계산합니다. 예를 들어, 3x3 행렬 A와 3x2 행렬 B가 있을 때,  AB(1, 1) = A(1, 1) * B(1, 1) + A(1, 2) * B(2, 1) + A(1, 3) * B(3, 1) 인 식으로 계산하여 나온 결과는 다시 3x2 행렬 C가 됩니다."
['열전달과 열팽창을 고려하여 기계 설계할 때 어떤 고려 사항이 있는가?'],"기계 설계 시 열전달과 열팽창을 고려하면 다양한 문제를 예방하거나 해결할 수 있습니다. 이를 위해 다음과 같은 고려 사항들을 적용해야 합니다.

첫째, 온도 변화에 따른 재료의 열팽창률을 고려해야 합니다. 금속 등 대부분의 재료는 온도가 올라가면 팽창하고, 내려가면 수축합니다. 이 때문에 부품들이 서로 접촉되어 있는 경우, 온도 변화에 따라 변형이 발생하면서 응력이 가해집니다. 이러한 응력이 과도하게 커지면 부품이 파손될 수 있으므로, 설계 단계에서 각 부품의 열팽창률을 계산하고, 적절한 공차를 설정해야 합니다.

둘째, 열전달 특성을 고려해야 합니다. 예를 들어, 모터나 엔진처럼 열이 많이 발생하는 부품에서는 열전달이 원활하게 이루어지도록 설계해야 합니다. 이를 위해 방열판이나 냉각팬 등을 설치하거나, 열전도성이 좋은 재료를 사용하기도 합니다. 또, 전기 장치에서는 전류가 흐를 때 저항에 의해 열이 발생하므로, 전선의 굵기나 배치 등도 고려해야 합니다.

셋째, 열변형을 고려해야 합니다. 특히 대형 구조물이나 장비에서는 열팽창에 의한 변형이 크게 나타날 수 있습니다. 이런 경우에는 열팽창을 예측하고, 이를 최소화하기 위한 대책을 마련해야 합니다. 예를 들어, 큰 건물에서는 벽이나 기둥 사이에 간격을 두거나, 신축 이음부를 설치해서 열팽창에 의한 변형을 흡수하도록 설계합니다. 

이러한 고려 사항들을 적절히 반영하면, 기계 설계 시 열전달과 열팽창에 의한 문제를 예방하고, 효율적인 작동을 보장할 수 있습니다."
"['오르도 비스 대멸종의 원인은 무엇으로 추정되고 있으며, 주로 어떤 환경적 변화가 발생했는가?']","오르도비스 대멸종은 지구 역사상 4번째로 일어난 대규모 멸종 사건으로 약 4억 4천4백만 년 전부터 4억 3천9백만 년 전 사이에 발생했습니다. 이 대멸종의 원인으로는 다양한 가설이 제시되고 있는데, 그 중에서도 가장 유력한 원인은 지구 온난화와 해수면 상승입니다.

지구 온난화로 인해 극지방의 빙하가 녹으면서 해수면이 상승했고, 이로 인해 많은 생물들이 서식지를 잃었습니다. 또 바다의 온도가 상승하면서 해양 생태계에도 큰 변화가 일어났습니다. 이러한 환경 변화는 생물들의 생존에 큰 위협이 되었으며, 결국 대멸종으로 이어졌습니다.

또 다른 원인으로는 화산 폭발과 지진 등의 지질학적 활동이 꼽힙니다. 이러한 활동으로 인해 대기 중에 이산화탄소와 같은 온실가스가 대량으로 방출되어 지구 온난화가 가속화되었다는 것입니다. 실제로 오르도비스 대멸종 시기에는 대규모 화산 폭발과 지진이 여러 차례 발생했던 것으로 알려져 있습니다. 

이러한 원인들은 서로 복합적으로 작용하여 오르도비스 대멸종을 일으킨 것으로 추정됩니다.  이를 통해 우리는 지구 환경의 변화가 생물의 생존에 얼마나 큰 영향을 미치는지 알 수 있습니다."
['탄성과 관성 모멘트는 고전역학에서 어떻게 다루는가?'],"탄성은 물체가 변형되었을 때 원래 모양으로 되돌아가려는 성질을 의미한다. 이는 고체나 액체, 기체 모두에서 나타나는 현상이지만 주로 고체에서의 탄성이 중요하게 다뤄진다. 고체 내부에서는 원자들이 서로 결합하여 구조를 이루고 있는데, 외부에서 힘이 가해지면 이러한 결합이 일시적으로 끊어졌다가 다시 이어지면서 복원력이 발생한다. 이때 가해진 힘이 너무 크면 결합이 완전히 끊어져 영구적인 변형이 일어나는데 이를 소성이라고 한다.

관성모멘트는 회전 운동을 하는 물체의 질량 분포와 관련된 물리량이다. 일반적으로 관성모멘트는 질량이 고르게 분포되어 있을수록 작고, 질량이 한 곳에 집중되어 있을수록 크다. 예를 들어, 공을 회전시킬 때 공의 중심에 가까운 부분을 잡고 돌리면 관성모멘트가 작아 빠르게 회전하지만, 공의 가장자리를 잡고 돌리면 관성모멘트가 커져 느리게 회전한다. 

고전역학에서는 탄성과 관성모멘트를 다루는 다양한 이론들을 제시하였다. 대표적으로 뉴턴의 운동법칙과 라그랑지안 역학 등이 있다. 이러한 이론들은 실험 결과와 잘 일치하며, 일상생활에서도 유용하게 활용된다. 특히 기계공학 분야에서는 탄성과 관성모멘트를 고려하여 설계함으로써 효율적인 시스템을 구현할 수 있다."
['항공기의 유지 보수 작업은 어떻게 이루어지는가?'],"항공기의 유지 보수 작업은 항공기의 안전성과 효율성을 보장하기 위해 필수적인 과정이다. 이 작업은 다양한 분야에서 이루어지며, 크게 다음과 같은 단계로 구성된다.

1.**검사**: 항공기의 상태를 확인하기 위해 정기적으로 검사를 실시한다. 이 검사에서는 항공기의 부품, 엔진, 기체 등 모든 부분을 꼼꼼히 확인하며, 이상이 발견되면 즉시 수리하거나 교체해야 한다. 이를 통해 항공기의 안전성을 확보할 수 있다.

2.**수리 및 정비**: 검사 결과 이상이 발견되면 해당 부분을 수리하거나 정비한다. 이때, 전문적인 기술과 장비가 필요하며, 항공기 제조사나 항공사의 정비 부서에서 담당한다. 

3.**예방 정비**: 항공기의 고장을 예방하기 위해 미리 정비를 실시한다. 예를 들어, 일정 기간마다 엔진 오일을 교체하거나, 타이어를 점검하는 등의 작업이 포함된다. 이러한 예방 정비를 통해 항공기의 수명을 연장하고, 운항 비용을 절감할 수 있다.

4.**운항 관리**: 항공기의 운항 중에도 지속적으로 모니터링하여 이상이 발생하면 즉시 대처할 수 있도록 한다. 이를 위해 비행 데이터를 수집하고 분석하는 시스템을 운영하며, 문제가 발생하면 신속하게 대응하여 승객들의 안전을 보장한다.

이러한 유지 보수 작업은 항공기의 안전과 성능을 유지하는 데 매우 중요하다. 따라서, 항공사들은 적극적으로 유지 보수 작업을 수행하고 있으며, 이를 위한 전문 인력과 시설을 갖추고 있다."
['페르미안 대멸종은 지구의 어떤 지역에서 가장 강렬하게 나타났는가?'],"페르미안 대멸종은 페름기 말부터 트라이아스기 초까지 약 2억 5천만 년 전에 일어난 사건으로, 지구 역사상 가장 큰 규모의 대멸종 중 하나로 알려져 있습니다. 이 대멸종은 지구 전체에 영향을 미쳤지만, 특히 시베리아와 러시아 북부 지역에서 가장 강력하게 나타났습니다.

이 지역에서는 대규모 화산 폭발과 지진, 쓰나미 등의 자연재해가 발생했으며, 이로 인해 많은 생물들이 멸종했습니다. 또한, 이러한 자연재해로 인해 대기 중 이산화탄소 농도가 증가하고, 기온이 상승하는 등의 환경 변화가 일어났습니다. 이러한 환경 변화는 다시 생물들에게 영향을 미쳐, 더 많은 생물들이 멸종하게 되었습니다.

이러한 이유로 페르미안 대멸종은 지구의 다양성을 크게 감소시켰으며, 이후 지구의 생태계가 회복되는 데에는 오랜 시간이 걸렸습니다. 현재까지도 이 시기의 대멸종이 어떻게 일어났는지에 대한 연구가 계속되고 있으며, 이를 통해 지구의 역사와 미래에 대한 이해를 높이고 있습니다."
['식품에서 나오는 발암물질과 식이 습관 간의 연결점은 무엇인가?'],"식품에서 발생하는 발암물질은 다양한 형태로 존재하며, 이들 물질이 체내에 흡수되면 암 발생 위험이 증가할 수 있습니다. 이러한 발암물질은 식품 자체 또는 조리 과정에서 생성될 수 있으며, 개인의 식이 습관에 따라 노출 정도가 달라질 수 있습니다.

먼저, 식품 자체에 함유된 발암물질로는 자연적으로 발생하는 것과 인공적으로 첨가된 것이 있습니다. 자연적으로 발생하는 발암물질 중 대표적인 것으로는 곰팡이 독소가 있는데, 이는 일부 곡류나 견과류 등에 존재하며, 섭취 시 간암, 위암 등의 발생 위험을 높일 수 있습니다. 인공적으로 첨가된 발암물질로는 식품 첨가물이나 잔류 농약 등이 있으며, 이들은 가공식품이나 농산물 등에 존재할 수 있습니다.

조리 과정에서도 여러 가지 발암물질이 생성될 수 있습니다. 고온에서 조리하거나 튀기는 등의 조리 방법은 식품의 성분을 변화시켜 발암물질을 생성할 수 있으며, 숯불구이 등에서는 불완전 연소로 인해 발생하는 연기 속의 유해물질이 음식에 흡수되어 암 발생 위험을 높일 수 있습니다. 또, 소금이나 설탕 등의 조미료를 과도하게 사용하는 것도 암 발생 위험을 높일 수 있습니다. 

따라서, 건강한 식이 습관을 유지하기 위해서는 식품 선택과 조리 방법에 주의해야 합니다. 신선한 식품을 선택하고, 적절한 조리 방법을 사용하며, 과다한 조미료 사용을 피하는 것이 중요합니다. 또한, 정기적인 건강 검진을 통해 암 발생 여부를 확인하고, 필요한 경우 전문가의 조언을 받는 것이 좋습니다."
['정수의 배수와 약수를 찾는 방법은 무엇인가?'],"정수의 배수와 약수를 찾는 방법은 다음과 같습니다.

1. 배수 찾기
어떤 정수 a가 있을 때, b를 a의 배수라고 합니다. 이는 b를 a로 나누었을 때 나머지가 0인 경우를 의미합니다. 예를 들어, 10의 배수는 10, 20, 30 등이 있습니다. 이를 수식으로 나타내면 다음과 같습니다.
b = a * n (n은 자연수)
이때, n 값을 찾으면 해당 수가 a의 배수인지 확인할 수 있습니다.

2. 약수 찾기
약수는 어떤 정수를 나누어 떨어지게 하는 수를 말합니다. 즉, 어떤 정수 a의 약수는 a를 나누었을 때 나머지가 0인 모든 수를 의미합니다. 예를 들어, 12의 약수는 1, 2, 3, 4, 6, 12입니다. 이때, 가장 작은 약수부터 큰 약수까지 순서대로 나열하면 그 수의 소인수 분해 결과와 일치합니다. 

3. 약수의 개수 구하기
주어진 수의 약수의 개수를 구하는 방법은 다양하지만, 소인수분해를 이용하여 구할 수 있습니다. 먼저, 주어진 수를 소인수분해 한 후 각 소인수의 지수에 1을 더한 뒤 모두 곱합니다. 이렇게 구한 값이 바로 주어진 수의 약수의 개수입니다. 예를 들어, 60의 약수의 개수를 구하려면 우선 60을 소인수분해 해야 합니다.  

이렇게 찾은 약수와 배수를 활용하여 수학 문제를 해결하거나 실생활에서 유용한 정보를 얻을 수 있습니다."
['언어 모델을 어떻게 평가할 수 있는가?'],"언어 모델을 평가하는 방법은 크게 두 가지로 나눌 수 있습니다. 첫 번째는 기계 학습 기반의 지표를 활용하는 것이고, 두 번째는 사람이 직접 문장 생성 능력을 평가하는 것입니다.

기계 학습 기반의 지표로는 BLEU(Bilingual Evaluation Understudy), ROUGE(Recall-Oriented Understudy for Gisting Evaluation), METEOR(Metric for Evaluation of Translation with Explicit ORdering) 등이 대표적입니다. 이들 지표는 주로 번역 품질을 평가하기 위해 개발되었지만, 자연어 처리 분야에서 널리 사용되고 있습니다. 이러한 지표들은 미리 정의된 기준에 따라 계산되며, 이를 통해 언어 모델의 성능을 객관적으로 비교할 수 있습니다.

하지만 위와 같은 기계 학습 기반의 지표만으로는 언어 모델의 실제 성능을 완벽하게 평가할 수 없습니다. 예를 들어, 인공지능 언어모델인 GPT-3가 높은 BLEU 점수를 받았지만, 인간의 관점에서는 여전히 부족한 부분이 많이 발견되었습니다. 따라서 최근에는 사람이 직접 언어 모델의 문장 생성 능력을 평가하는 방식도 함께 사용되고 있습니다. 전문가들이 만든 평가 세트를 이용하여 다양한 주제와 스타일의 문장을 생성하도록 하고, 그 결과를 분석하여 각 모델의 장단점을 파악합니다. 

이러한 평가는 주관적인 요소가 개입될 수 있으므로, 여러 명의 평가자가 참여하여 의견을 종합하는 것이 중요합니다. 또한, 시간과 비용이 많이 소요되기 때문에 대규모 연구나 상용화 전 단계에서 주로 이루어집니다."
['판다는 어떻게 사냥을 피하는가?'],"판다는 대나무 숲에서 서식하며 주로 대나무 잎과 죽순을 먹는 초식동물로 알려져 있습니다. 그러나 판다는 종종 육식성 동물인 곰과의 공통 조상으로부터 진화했기 때문에 여전히 작은 동물들을 잡아먹기도 합니다. 그렇다면 판다는 어떻게 사냥을 피할 수 있을까요?

첫 번째로, 판다는 자신의 몸 색깔을 이용하여 사냥을 피하는 방법을 사용합니다. 판다의 털은 검은색과 흰색이 섞여 있는데, 이는 대나무 숲 속에서 위장하기에 적합한 색입니다. 이러한 색상 덕분에 판다는 다른 동물들의 눈에 잘 띄지 않고 조용히 움직일 수 있으며, 사냥꾼들이 다가오는 것을 쉽게 알아챌 수 있습니다.

두 번째로, 판다는 매우 예민한 후각을 가지고 있어 주변 환경 변화나 위험 요소를 빠르게 감지할 수 있습니다. 특히 먹이가 되는 대나무와 그렇지 않은 식물을 구별하는 데에도 후각을 활용합니다. 이를 통해 판다는 사냥감에게 들키지 않고 접근하거나, 반대로 사냥꾼의 냄새를 맡고 미리 도망칠 수 있습니다.

마지막으로, 판다는 나무를 타는 능력이 뛰어나기 때문에 높은 곳으로 올라가 안전을 확보할 수 있습니다. 또한 앞발에는 특수한 발톱이 달려있어 미끄러지지 않고 나무를 오르내릴 수 있고, 이런 특징들은 판다 스스로를 보호하는데 큰 도움이 됩니다. 

이러한 이유로 판다는 천적으로부터의 공격을 비교적 덜 받으며 살아갈 수 있는 것입니다."
['여성 생리 주기의 평균 날짜 길이는 얼마인가?'],"여성 생리 주기는 개인마다 차이가 있지만, 일반적으로 평균 28일 정도이며 21일에서 35일 사이인 경우 정상 범위로 간주됩니다. 이 기간 동안 여성의 몸에서는 호르몬 변화가 일어나며, 자궁 내막이 두꺼워지고 임신이 가능해집니다. 만약 임신이 되지 않으면 자궁 내막이 탈락하면서 생리혈이 배출됩니다.

생리 주기는 다양한 요인에 의해 영향을 받을 수 있습니다. 스트레스, 불규칙한 식습관, 수면 부족 등은 생리 주기를 변화시킬 수 있으며, 체중 변화나 약물 복용도 영향을 미칠 수 있습니다. 또, 다낭성 난소 증후군이나 갑상선 기능 저하증 등의 질환도 생리 주기를 변화시키는 원인 중 하나입니다.

생리 주기를 규칙적으로 유지하기 위해서는 건강한 생활습관을 유지하는 것이 중요합니다. 충분한 수면과 규칙적인 식사, 적절한 운동 등을 통해 신체 리듬을 유지하고, 스트레스를 관리하는 것이 좋습니다. 또, 정기적인 건강검진을 통해 자신의 건강 상태를 체크하는 것도 필요합니다."
['홀로그램의 표면 구조와 패턴은 어떻게 설계되는가?'],"홀로그램의 표면 구조와 패턴은 다양한 방식으로 설계될 수 있습니다. 일반적으로는 빛의 간섭 현상을 이용하여 만들어집니다. 이 과정에서 중요한 역할을 하는 것이 홀로그램 필름인데, 이 필름에는 일정한 패턴이 새겨져 있어 빛이 반사되거나 투과될 때 간섭 현상이 일어나도록 합니다.

먼저, 레이저나 LED 등의 광원을 사용하여 특정한 패턴의 빛을 발생시킵니다. 이 빛은 다시 거울이나 렌즈 등을 통해 조절되어 원하는 방향으로 나아가게 됩니다. 그리고 이 빛이 홀로그램 필름에 닿으면, 필름에 새겨진 패턴에 따라 반사되거나 투과됩니다. 이때, 필름의 재질과 두께, 패턴의 모양과 크기 등에 따라 빛의 간섭 현상이 다르게 일어나며, 이를 통해 우리 눈에는 입체적인 영상이 보이게 됩니다.

최근에는 디지털 기술을 활용하여 홀로그램을 만드는 방법도 개발되고 있습니다. 컴퓨터 그래픽스 기술을 이용하여 가상의 이미지를 만들고, 이를 디스플레이 장치에 표시하는 방식입니다. 이러한 방식은 기존의 아날로그 방식보다 더 정확하고 다양한 형태의 홀로그램을 만들 수 있으며, 대량 생산에도 유리합니다. 하지만 아직까지 기술적인 한계가 많아 상용화에는 시간이 걸릴 것으로 예상됩니다."
['어떤 행성이 지구와 가장 가까운 거리에 위치하고 있는가?'],"현재 태양계에서 지구와 가장 가까운 행성인 수성(Mercury)은 태양과의 평균 거리는 5,800만 km이며, 근일점에서는 4,600만 km까지 가까워집니다. 

수성은 표면 온도가 최고 430도 까지 올라가는 뜨거운 행성이지만, 밤에는 영하 170도까지 떨어지기도 합니다. 이처럼 극단적인 온도 변화 때문에 수성에서의 생명체 존재 가능성은 매우 낮은 것으로 평가됩니다. 또한 대기가 거의 없어 운석 충돌 등 외부 충격에 취약하며, 이로 인해 생긴 분화구들이 많이 관측됩니다.

태양 가까이 있어 공전 주기가 88일로 짧고, 자전 주기도 58.6일로 짧습니다. 이러한 빠른 속도로 인해 수성은 하루 동안 하늘에서 서쪽에서 동쪽으로 두 번 이동하는 것처럼 보입니다. 하지만 실제로 수성 자체가 회전하는 방향은 다른 행성들과 마찬가지로 시계 반대 방향입니다."
['어떻게 신소재가 스마트 시티 및 인프라 구축에 기여하는가?'],"신소재는 다양한 특성을 가지고 있어 스마트 시티와 인프라 구축에 큰 역할을 한다. 그 중에서도 특히 주목받는 것은 탄소 나노튜브, 그래핀, 고분자 복합재료 등이다.

먼저, 탄소 나노튜브는 높은 강도와 전기 전도성을 가지고 있으며, 무게도 가볍기 때문에 건축물 구조재나 케이블 재료로 적합하다. 또한, 센서나 에너지 저장 장치로도 활용할 수 있다. 예를 들어, 건물 내에서 발생하는 미세한 진동을 감지하여 안전 문제를 예방하거나, 태양광 패널과 연결하여 전기를 생산하고 저장하는 데 이용될 수 있다.

그래핀은 매우 얇은 두께에도 불구하고 강철보다 200배 이상 강한 강도를 가지고 있고, 구리보다 100배 이상 높은 전기 전도성을 지니고 있다. 이러한 특성 덕분에 자동차 부품, 항공기 소재, 전자 소자 등 다양한 분야에서 응용이 가능하다. 게다가 열전도성이 뛰어나 방열판으로도 쓰일 수 있는데, 이를 통해 전자기기의 발열 문제를 해결할 수 있다.

고분자 복합재료는 플라스틱과 금속, 세라믹 등 다른 소재를 결합하여 만든 새로운 소재로서, 가볍고 유연하면서도 단단한 성질을 갖고 있다. 이 재질은 차량용 경량화 부품, 풍력 발전기 날개, 스포츠용품 등 여러 산업 분야에서 쓰이고 있다. 또, 기존에는 불가능했던 형태의 제품을 만들 수도 있게 되었다. 

이렇게 신소재들은 각각의 독특한 특성들을 바탕으로 스마트 시티와 인프라 구축에 혁신적인 변화를 가져오고 있다."
"['어류의 소리, 통신 및 사회적 상호작용에 대한 연구가 어떠한가?']","어류의 소리, 통신 및 사회적 상호작용에 대한 연구는 최근 몇 년 동안 빠르게 발전했습니다. 이 분야에서는 주로 어류가 내는 소리와 그들 사이의 통신 방식이 어떻게 이루어지는지 조사하며, 이를 통해 어류의 행동과 생태학적 특성을 이해하고자 합니다.

연구 결과, 어류는 다양한 종류의 소리를 만들어내며, 이러한 소리는 먹이 찾기, 짝짓기, 영역 표시 등 여러 가지 목적으로 사용된다는 것이 밝혀졌습니다. 일부 어종은 저주파 음파를 이용하여 먼 거리까지 신호를 전달할 수 있으며, 다른 어종은 고주파 음파나 진동을 이용하여 주변 환경과의 상호작용을 조절하기도 합니다. 또한, 물고기들은 서로 다른 종간에도 소리를 통해 소통할 수 있다는 것이 확인되었습니다.

이러한 연구는 해양 생태계에서 어류의 역할을 이해하는 데 중요한 역할을 하며, 어업 활동이나 해양 오염 등 인간의 활동이 어류의 생활에 미치는 영향을 파악하는 데도 큰 도움이 됩니다. 더 나아가, 어류의 소리와 통신에 대한 연구는 인공지능 기술과 결합하여 수중 탐사나 양식업 등 다양한 분야에서도 활용될 수 있습니다."
['항공우주공학이 국가와 국제 우주 정책에 어떤 영향을 미치는가?'],"항공우주공학은 국가와 국제 우주 정책에 큰 영향을 미친다. 항공우주공학 기술 발전은 국가 안보와 경제 성장에도 중요한 역할을 한다. 위성 정보 수집 및 활용 능력 향상은 국가의 군사력 강화와 국토 관리 효율성 증대에 기여한다. 또한, 우주 산업 분야에서의 경쟁력 확보도 가능하다. 

국제 우주 정책 수립 과정에서도 항공우주공학 지식과 기술은 필수적이다. 다양한 나라들이 참여하는 국제 우주 개발 프로젝트에서는 각 국의 항공우주공학 역량이 중요한 역할을 한다. 이를 통해 국제 사회에서 자국의 위상을 높일 수 있으며, 다른 나라와의 협력 관계 구축에도 도움이 된다. 또, 전 세계적인 문제 해결에도 적극적으로 참여할 수 있다.

마지막으로, 항공우주공학 연구 성과는 인류의 미래에도 큰 영향을 미칠 것이다. 우주 탐사를 통해 새로운 자원을 발견하거나, 지구 환경 문제 해결에 필요한 단서를 찾을 수도 있다. 이런 점에서 항공우주공학은 현재와 미래를 연결하는 중요한 학문이라고 할 수 있다."
['산맥에서의 날씨 조건은 어떻게 변하는가?'],"산맥에서의 날씨 조건은 고도와 지형적인 특징에 따라 크게 변화한다. 산맥에서는 일반적으로 고도가 높아질수록 기온이 낮아진다. 이는 공기 분자가 높은 고도에서 더 적은 양의 열을 가지고 있기 때문이다. 또한, 산맥 주변 지역보다 바람이 강하게 부는 경향이 있다. 이러한 강한 바람은 산맥 정상 부근에서 상승기류를 만들어 구름 형성을 촉진하며, 이로 인해 강수량이 증가할 수 있다.

산맥 내부에는 다양한 지형들이 존재하는데, 이러한 지형들은 각각 다른 기후 조건을 만든다. 예를 들어, 산맥의 동쪽 사면은 서쪽 사면보다 더 많은 태양열을 받기 때문에 상대적으로 따뜻한 기후를 보인다. 반면, 서쪽 사면은 차가운 바다나 호수와 인접해 있어 서늘한 기후를 보일 수 있다. 또, 산맥 내 계곡이나 분지 등의 지형은 외부와의 공기 교환이 제한되어 독특한 기후 패턴을 나타내기도 한다.

이러한 요인들로 인해 산맥지역은 매우 복잡한 기후 시스템을 가지며, 예측하기 어려운 날씨 현상이 발생하기도 한다. 따라서, 산맥 근처에서 생활하거나 여행 할 때는 항상 날씨 예보를 확인하고 적절한 준비를 하는 것이 중요하다."
['에너지 효율을 개선하기 위한 정책과 대책은 어떤 것이 있는가?'],"에너지 효율을 개선하기 위한 정책과 대책은 다양하다. 우선 정부에서는 에너지 절약 시설 투자에 대한 세제 혜택 등 재정 지원을 제공할 수 있다. 또 건물의 에너지 효율 등급 인증 제도를 시행하여 높은 등급을 받은 건물에 대해서는 용적률 완화와 같은 인센티브를 제공한다. 이 외에도 LED 조명 보급 확대, 대중교통 체계 개선 및 친환경 자동차 보급 촉진 등도 에너지 효율 향상을 위한 대표적인 정책이다.

기업 차원에서도 에너지 효율성을 높이기 위한 노력이 필요하다. 공정 개선, 설비 교체, 노후화된 장비 수리 등을 통해 생산 과정에서 발생하는 에너지 손실을 최소화 할 수 있다. 또한 전사적 에너지 관리 시스템(TEMS) 도입을 통해 기업 전체의 에너지 사용량을 모니터링하고 분석하여 최적의 에너지 사용 방안을 도출할 수도 있다.

개인들도 가정 내에서 에너지 절약을 실천할 수 있다. 대기전력 차단, 불필요한 플러그 뽑기, 실내 적정온도 유지, 고효율 가전제품 사용 등 생활 속 작은 습관 변화로도 에너지 소비량을 크게 줄일 수 있다. 이러한 개인의 노력들이 모여 국가 전체의 에너지 효율성이 향상될 수 있다."
['심혈관질환의 위험 요인을 어떻게 감소시킬 수 있는가?'],"심혈관질환의 위험 요인을 감소시키는 방법은 다양하다. 그 중에서도 가장 중요한 것은 건강한 식습관과 생활습관을 유지하는 것이다. 

먼저, 적절한 영양소를 균형 있게 섭취하는 것이 중요하다. 포화지방과 트랜스지방이 많은 음식은 심혈관질환의 위험을 증가시키므로, 이러한 음식 대신 채소와 과일, 견과류 등을 많이 먹는 것이 좋다. 또, 단백질과 식이섬유가 풍부한 음식도 심혈관질환 예방에 도움이 된다. 소금과 설탕의 과다 섭취 역시 심혈관질환의 위험을 증가시키므로, 이를 줄이는 노력이 필요하다.

다음으로, 규칙적인 운동은 심혈관질환 예방에 매우 효과적이다. 하루 30분 이상의 유산소 운동을 꾸준히 하는 것이 좋으며, 근력 운동도 함께 하면 더욱 좋다. 담배나 술처럼 심혈관질환의 위험을 높이는 요인들은 가능한 한 피하는 것이 좋고, 스트레스 관리에도 신경써야 한다. 정기적인 건강검진을 통해 자신의 건강 상태를 체크하고, 필요한 경우 적극적으로 치료받는 것도 중요하다."
['인간의 바이러스 대응 면역세포는 무엇이 있는가?'],"인간의 바이러스 대응 면역세포에는 다양한 종류가 있지만, 대표적으로는 다음과 같은 것들이 있다.

1.**B 세포**: B 세포는 혈액과 림프계에서 발견되는 항체를 생성하는 면역세포이다. 이들은 바이러스나 박테리아와 같은 외부 침입자를 인식하고, 그에 맞는 항체를 만들어낸다. 이렇게 생성된 항체는 바이러스 표면의 단백질과 결합하여 바이러스의 감염력을 약화시키거나 중화시켜 제거한다.

2.**T 세포**: T 세포는 골수에서 생성되어 흉선에서 성숙해지는 면역세포로서, 직접적인 공격 및 다른 면역세포들을 조절하는 역할을 한다. 바이러스에 감염된 세포를 찾아내어 파괴하거나, 인터페론과 같은 항바이러스성 물질을 분비하여 바이러스의 증식을 억제한다. 또한, 헬퍼 T 세포(CD4+ T cell)는 B 세포의 분화와 활성화를 촉진하여 바이러스에 대한 항체 생산을 유도한다.

3.**자연살해세포 (Natural Killer Cell, NK 세포)**: 자연살해세포는 선천면역을 담당하는 중요한 세포 중 하나이며, 바이러스에 감염된 세포나 종양세포 등을 인지하고 즉시 파괴한다. 특히, 후천면역결핍증후군(AIDS)을 일으키는 HIV 바이러스에 감염된 세포를 효과적으로 제거할 수 있다. 

이러한 면역세포들은 서로 협력하여 바이러스로부터 우리 몸을 보호한다. 하지만 모든 바이러스에 대해 완벽한 면역력을 제공하지는 못하므로, 예방접종이나 개인위생 관리 등을 통해 바이러스 감염을 예방하는 것이 중요하다."
['지중열을 활용한 터널 시스템은 어떻게 동작하는가?'],"지중열을 활용한 터널 시스템은 다음과 같이 동작한다.

먼저, 지열 발전소에서 지하 2~4km 깊이까지 시추공을 뚫어 물을 주입한다. 이 때, 물의 온도는 약 150°C 정도이며, 주입된 물은 주변 암석과의 마찰로 인해 열을 흡수하여 200°C 이상으로 가열된다. 이후, 가열된 물은 다시 지열 발전소로 끌어올려져 터빈을 회전시켜 전기를 생산한다. 이렇게 생산된 전기는 송전탑을 통해 가정이나 공장 등으로 공급된다.

이 과정에서 발생하는 열 에너지는 지중열을 활용한 터널 시스템에도 이용될 수 있다. 예를 들어, 지하철 노선이나 고속도로와 같은 대규모 토목 공사에서는 굴착 과정에서 많은 양의 지하수가 유출되어 지반 침하 등의 문제가 발생할 수 있다. 이때, 지중열을 활용한 터널 시스템을 적용하면 이러한 문제를 해결할 수 있다.

즉, 땅 속 깊은 곳에서 나오는 뜨거운 열기를 이용해서 전력을 생산하거나 도로 건설등 여러 분야에 쓰이는 기술이다. 이를 잘 활용한다면 환경 보호와 에너지 절약에 큰 도움이 될 것이다."
['한약이 적절한 환경에서 보관되어야 하는 이유는 무엇인가?'],"한약은 천연 약재를 이용하여 만들어진 약으로, 그 특성상 적절한 보관 환경이 매우 중요하다. 이는 한약재가 가지고 있는 성분들이 온도, 습도 등 외부 환경 요인에 민감하게 반응하기 때문이다. 

먼저, 한약재는 열에 약한 성분들을 많이 포함하고 있다. 따라서 높은 온도나 직사광선에 노출되면 이러한 성분들이 파괴되어 약효가 떨어질 수 있다. 또한, 습기에도 취약한데, 습기가 많은 곳에 보관하면 곰팡이가 생길 수 있으며, 이로 인해 독성 물질이 생성될 수도 있다. 게다가 한약재 중에는 금속 이온과 반응하여 변색되거나 약효가 떨어지는 것들도 있기 때문에, 금속 용기보다는 유리나 플라스틱 용기에 보관하는 것이 좋다.

마지막으로, 한약은 복용 방법 역시 중요하다. 일반적으로 한약은 따뜻하게 데워서 복용하는데, 이는 한약재의 유효 성분이 잘 흡수되도록 하기 위함이다. 만약 차가운 상태로 복용하거나 너무 뜨거운 상태로 복용하면 약효가 떨어지거나 부작용이 발생할 수 있으므로 주의해야 한다. 결론적으로, 한약을 안전하고 효과적으로 복용하기 위해서는 적절한 보관 환경과 복용 방법을 지키는 것이 필수적이다."
['고층 건물을 지을 때 어떤 특별한 기술이 사용되는가?'],"고층 건물을 지을 때에는 다양한 특별한 기술이 사용된다. 첫 번째로는 고강도 콘크리트 제조 기술이다. 고층 건물은 높이 올라갈수록 더 많은 무게를 지탱해야 하기 때문에 일반적인 콘크리트보다 강도가 높은 고강도 콘크리트가 필요하다. 고강도 콘크리트는 시멘트와 골재, 물 등을 혼합하여 만들어지는데, 이때 특수한 첨가물을 넣어 강도를 높인다. 이 기술은 현대 건축에서 매우 중요한 역할을 한다.

두 번째로는 구조 설계 기술이다. 초고층 건물은 바람이나 지진 등의 자연재해에 취약하기 때문에 이를 견딜 수 있는 구조 설계가 필요하다. 특히 바람에 의한 진동을 줄이기 위해 동조질량댐퍼나 TMD(Tuned Mass Damper)라는 장치를 설치한다. 또 아웃리거 시스템이라는 방식도 있는데, 이것은 횡력저항시스템 중 하나로 코어 벽체 주변에 위치한 가새골조 및 벨트트러스 형태의 수평부재들을 말한다. 

세 번째로는 엘리베이터 기술이다. 100층 이상의 건물에서는 고속 엘리베이터가 필수적인데, 초고속 엘리베이터는 분당 600m 이상의 속도를 낼 수 있다. 이러한 엘리베이터는 로프 대신 자기부상 열차에 사용되는 선형 유도 모터를 사용하며, 빠른 속도에서도 안정적으로 운행할 수 있도록 정교한 제어 기술이 필요하다."
['천체 망원경으로 은하계와 별 사이의 거리를 측정할 수 있는가?'],"천체 망원경은 천체에서 방출되는 전자기파를 관측하여 천체의 위치, 크기, 모양 등을 파악하는 도구이다. 일반적으로 가시광선 영역을 관측하지만, 적외선, 자외선, X선, 감마선 등 다른 파장의 전자기파도 관측할 수 있다. 

이러한 천체 망원경 중에서도 허블 우주 망원경은 지구 대기권 밖에서 높은 해상도로 천체를 관측할 수 있어 많은 연구에 활용되고 있다. 하지만 이러한 망원경으로도 은하계와 별 사이의 정확한 거리는 측정하기 어렵다. 이는 빛의 속도가 유한하기 때문이다. 우리가 보는 별빛은 이미 오래전에 그 별에서 출발한 것이기 때문에, 현재 그 별이 있는 위치와 우리가 관측하는 별빛의 방향이 다를 수 있다. 또, 우주는 계속해서 팽창하고 있기 때문에 시간이 지날수록 은하계와 별 사이의 거리는 더 멀어지게 된다.

따라서 천문학자들은 다양한 방법을 통해 은하계와 별 사이의 거리를 추정한다. 가장 대표적인 방법으로는 연주시차를 이용하는 것이다. 태양 근처에 있는 별들은 지구가 공전하면서 조금씩 위치가 변화하는데, 이를 연주시차라고 한다. 연주시차를 이용하면 해당 별까지의 거리를 계산할 수 있다. 그러나 먼 곳에 있는 별들의 경우 연주시차가 너무 작아서 직접 측정하기 어렵기 때문에 적색편이를 이용하거나 초신성 폭발 후 밝기 감소율을 분석하기도 한다."
['철강 제조 기술의 발전은 환경 보호에 어떤 도움을 주고 있는가?'],"철강 제조 기술의 발전은 환경 보호에 큰 도움을 주고 있습니다. 우선 철강 제조 과정에서 발생하는 이산화탄소 배출량을 줄이는 기술이 개발되어 적용되고 있습니다. 기존에는 철광석을 용광로에 넣어 녹이는 과정에서 대량의 이산화탄소가 발생했으나, 최근에는 전기로를 이용하여 이산화탄소 배출을 최소화하면서도 높은 품질의 철강을 생산할 수 있는 기술이 개발되었습니다. 이 기술은 친환경적인 철강 제조 방식으로 주목받고 있으며, 전 세계적으로 적용 범위가 확대되고 있습니다.

또 다른 예로는 '수소환원제철' 기술이 있습니다. 수소환원제철은 철광석에서 산소를 제거하기 위해 사용되는 환원제를 석탄 대신 수소로 대체하는 기술입니다. 이를 통해 이산화탄소뿐만 아니라 질소산화물, 황산화물 등의 대기오염물질 배출량을 크게 줄일 수 있습니다. 현재 일부 기업들이 실험실 수준에서 연구를 진행하고 있으며, 상용화까지는 시간이 걸릴 것으로 예상되지만 미래의 제철산업에서는 필수적인 기술로 평가 받고 있습니다.

마지막으로 재활용 기술 역시 환경 보호에 기여하고 있습니다. 이전에는 한번 사용한 철강 제품은 대부분 폐기되었지만, 이제는 재사용하거나 재활용 할 수 있는 기술이 개발되어 자원 낭비를 줄이고 환경 오염을 예방하는데 큰 역할을 하고 있습니다. 이러한 노력들은 지구 온난화와 같은 환경 문제를 해결하는 데 중요한 역할을 합니다."
['새마다 부리 모양이 다른데 각각 어느 기능과 목적을 가지고 있는가?'],"새들은 각자 다른 환경에서 살아남기 위해 다양한 형태의 부리를 진화시켰습니다. 이들의 부리는 먹이 종류와 사냥 방식에 따라 매우 다양한 모양을 가지고 있습니다. 

첫째로, 곡식류나 씨앗을 먹는 새들은 길고 뾰족한 부리를 가지고 있습니다. 이런 부리는 딱딱한 껍질을 깨거나 구멍을 뚫어서 안에 있는 알맹이를 먹기에 적합합니다. 예를 들어 딱따구리가 대표적인 경우인데, 나무에 구멍을 뚫고 그 속에 사는 벌레를 잡아먹습니다.

둘째로, 물고기를 잡는 새들은 갈고리 모양의 부리를 가지고 있습니다. 이러한 부리는 물속에서 빠르게 움직이는 물고기를 잡기 좋게 되어있습니다. 황새나 왜가리 등이 여기에 속합니다.

마지막으로, 곤충을 주로 먹는 새들은 짧고 날카로운 부리를 가지고 있습니다. 참새나 까치처럼 작은 크기의 새들이 대부분 이렇게 생겼습니다. 또한 벌새라는 새는 꽃의 꿀을 빨아먹기 위해 혀 대신 긴 부리를 이용하기도 합니다."
['동물성 식품이 인간 영양에 어떤 역할을 하는가?'],"동물성 식품은 단백질, 지방, 비타민, 미네랄 등 다양한 영양소를 제공하여 인간 영양에 중요한 역할을 합니다.

먼저, 동물성 식품은 주요 에너지원인 단백질을 공급합니다. 단백질은 근육, 피부, 뼈, 장기 등 인체 조직을 구성하며, 세포 기능을 조절하는 데 필수적입니다. 특히 필수 아미노산은 체내에서 합성되지 않기 때문에 반드시 음식을 통해 섭취해야 하는데, 동물성 식품은 이러한 필수 아미노산을 풍부하게 함유하고 있습니다.

또, 동물성 식품은 건강에 좋은 지방을 제공합니다. 포화지방 함량이 높지만, 오메가-3 지방산과 같은 불포화지방산도 포함되어 있어 심혈관 질환 예방에 도움이 됩니다. 게다가 지용성 비타민인 비타민 A, D, E, K도 많이 들어있어 항산화 작용 및 면역력 강화에 기여합니다.

마지막으로, 동물성 식품은 철분, 칼슘, 아연, 마그네슘 등 미네랄 성분을 다량 함유하고 있습니다. 이들은 인체 대사와 생리 기능에 관여하며, 결핍 시 다양한 질병을 유발할 수 있습니다. 예를 들어, 철분은 혈액 생성과 산소 운반에 중요한 역할을 하며, 칼슘은 뼈와 치아 형성에 필수적입니다. 따라서 적절한 동물성 식품 섭취는 신체 발달과 건강 유지에 매우 중요합니다."
['미생물 진화는 왜 중요한가?'],"미생물 진화는 생명의 다양성과 생태계 안정성 유지에 매우 중요하다. 미생물은 지구상에서 가장 오래된 생물 중 하나로, 약 38억 년 전부터 존재해왔다. 이들은 지구 환경 변화에 적응하기 위해 다양한 방식으로 진화해왔으며, 그 결과 현재는 지구상의 거의 모든 곳에서 발견된다.

미생물은 다른 생물들과 상호작용하며 생태계의 안정성을 유지하는 데 큰 역할을 한다. 예를 들어, 미생물은 식물의 뿌리나 토양 속에서 영양분을 분해하여 다른 생물들이 이용할 수 있도록 한다. 또, 미생물은 대기 중의 이산화탄소를 흡수하여 유기물을 생산함으로써 지구 온난화를 억제하는 데에도 기여한다.

또, 미생물은 인간의 건강과 밀접한 관련이 있다. 일부 미생물은 인간의 체내에서 소화를 돕거나 면역체계를 강화하는 등의 역할을 한다. 반면에, 일부 미생물은 질병을 일으키기도 한다. 따라서, 미생물의 진화를 이해하면 인간의 건강을 증진하거나 질병을 예방하는 데 도움이 될 수 있다."
['회전운동에서 관성 모멘트와 각운동량은 어떻게 연결되어 있는가?'],"회전운동에서 관성 모멘트(moment of inertia)와 각운동량(angular momentum)은 서로 밀접하게 연결되어 있다. 이 두 물리량은 회전하는 물체의 운동을 기술하는 데 중요한 역할을 한다.

관성 모멘트는 질량 분포가 균일하지 않은 물체가 회전할 때, 그 물체의 질량 분포에 따라 결정되는 값이다. 예를 들어, 공이 회전할 때 중심축으로부터 멀리 떨어진 부분일수록 더 큰 힘이 필요하다. 이때, 관성모멘트는 이러한 질량 분포에 따른 회전 저항을 나타내는 지표 중 하나이다.

각운동량은 회전하는 물체의 운동량을 나타내는 물리량으로, 물체의 질량과 속도, 그리고 회전축으로부터의 거리에 의해 결정된다. 즉, 물체의 질량이 크고, 속도가 빠르며, 회전축으로부터 멀리 떨어져 있을수록 각운동량이 커진다. 또한, 각운동량은 보존되는 물리량이기 때문에 외부로부터 힘이 작용하지 않는 한 일정하게 유지된다.

따라서, 회전운동에서 관성 모멘트와 각운동량은 서로 영향을 주고받으며, 물체의 회전운동을 이해하는 데 매우 중요한 개념이다. 이를 통해 우리는 다양한 상황에서의 회전운동을 예측하고 분석할 수 있다."
"[""양자역학과 '양자 알고리즘'은 어떤 분야에 활용되는가?""]","양자역학은 원자, 분자, 물질 등의 구조와 움직임을 설명하는 물리학 이론이야. 양자 알고리즘은 이러한 양자역학의 원리를 이용하여 기존 컴퓨터로는 해결하기 어려운 문제를 빠르고 정확하게 해결할 수 있는 알고리즘이지. 이 둘은 다양한 분야에서 활용되고 있어.

첫째로, 암호학 분야에서는 양자 알고리즘이 매우 중요한데, 그 이유는 양자컴퓨터가 현재 가장 강력한 암호 체계인 RSA 암호를 해독할 수 있기 때문이야. 이를 대비하기 위해 양자 내성 암호 개발 및 연구가 활발하게 이루어지고 있지.

둘째로, 화학분야에서도 양자 역학과 양자 알고리즘이 유용하게 쓰이고 있어. 양자화학 계산은 분자 내 전자의 움직임을 예측하는데 큰 도움을 주고 있고, 신약 개발에도 기여하고 있지. 또한, 양자 기계학습도 활발히 연구되고 있는데, 이는 기존의 인공지능 기술보다 더욱 뛰어난 성능을 보여줄 것으로 기대돼. 

마지막으로, 금융 분야에서도 양자 컴퓨팅 도입이 적극적으로 검토되고 있어. 복잡한 금융 모델링부터 투자 포트폴리오 최적화까지 많은 부분에서 양자컴퓨팅이 효율성을 높여 줄 걸로 예상되기 때문이야. 이렇듯 양자역학과 양자 알고리즘은 여러 분야에서 혁신적인 변화를 이끌어 낼 거라고 전망 돼."
['자동차의 배기가스와 대기 오염에 대한 영향은 어떻게 평가되는가?'],"자동차의 배기가스는 다양한 종류의 유해 물질을 포함하고 있으며, 이러한 물질들은 대기 중에서 화학 반응을 일으켜 스모그나 산성비 등의 대기 오염을 유발한다. 자동차의 배기가스가 대기 오염에 미치는 영향을 평가하기 위해서는 여러 가지 요인들을 고려해야 한다.

첫째, 자동차의 종류와 배기량이 중요하다. 대형 차량일수록 더 많은 양의 배기가스를 배출하며, 특히 경유 차량은 미세먼지와 질소산화물 등의 유해 물질을 많이 배출한다. 또한, 자동차의 주행 거리와 속도도 배기가스 배출량에 영향을 미친다. 고속도로에서는 시내 주행보다 더 많은 양의 배기가스가 배출된다.

둘째, 대기 환경의 조건도 중요하다. 대기 중에 존재하는 다른 물질들과 상호작용하여 새로운 오염물질을 생성할 수 있다. 예를 들어, 이산화질소는 대기 중에서 오존과 결합하여 스모그를 형성하거나, 빗물에 녹아 산성비를 만든다. 

셋째, 지역적인 특성도 고려해야 한다. 대도시에서는 교통량이 많아 대기 오염이 더욱 심각하며, 산업단지나 발전소 등의 시설에서도 대기 오염물질이 배출되기 때문이다. 이처럼 자동차의 배기가스와 대기 오염 사이의 관계는 매우 복잡하며, 정확한 평가를 위해서는 다양한 요인들을 고려해야 한다."
['야생동물 조사와 연구에서 어떤 도덕적 고려 사항이 있는가?'],"야생동물 조사와 연구에서는 여러 가지 도덕적 고려 사항이 있다. 그 중에서도 가장 중요한 것은 야생동물의 생명과 복지를 존중하는 것이다. 이를 위해서는 다음과 같은 사항들이 필요하다.

첫째, 동물에게 불필요한 고통을 주지 않아야 한다. 예를 들어, 동물을 포획하거나 실험할 때는 마취제 등을 사용하여 고통을 최소화해야 한다. 또한, 동물의 서식지를 파괴하거나 교란하지 않도록 주의해야 한다.

둘째, 동물의 권리와 존엄성을 존중해야 한다. 이는 인간 중심적인 사고에서 벗어나, 동물도 인간과 마찬가지로 고유한 가치와 권리를 가지고 있다는 인식을 바탕으로 한다. 따라서, 동물을 이용하거나 학대하는 행위는 윤리적으로 문제가 된다.

셋째, 생태계 보전과 지속 가능한 발전을 고려해야 한다. 야생동물은 생태계의 균형과 안정에 큰 역할을 하기 때문에, 이들의 서식지를 보호하고 복원하는 노력이 필요하다. 또한, 자연 자원을 개발할 때는 환경 영향 평가를 실시하여 생태적 피해를 최소화해야 한다. 이러한 노력을 통해 우리는 미래 세대에게 건강하고 풍요로운 자연을 물려줄 수 있다."
['대기 분산 모델링이란 무엇인가?'],"대기 분산 모델링은 대기 중에서 일어나는 다양한 현상들을 예측하고 분석하기 위해 사용되는 수학적 모델이다. 이 모델은 대기의 물리적 특성과 화학적 특성을 고려하여 만들어지며, 이를 통해 대기 오염, 기후 변화, 기상 예보 등 다양한 분야에서 활용된다.

대기 분산 모델링은 크게 두 가지 요소로 구성된다. 첫 번째는 대기의 물리적 특성을 나타내는 방정식들이다. 이 방정식들은 대기의 운동, 온도, 습도, 압력 등을 계산하며, 이를 통해 대기의 상태를 파악한다. 두 번째는 대기의 화학적 특성을 나타내는 방정식들이다. 이 방정식들은 대기 중의 물질들이 어떻게 반응하고 이동하는지를 계산하며, 이를 통해 대기 오염 물질의 농도와 분포를 예측한다.

이 모델링 기술은 대기오염 감시 및 제어, 환경 모니터링, 농업 관리, 에너지 생산, 항공 교통 통제 등 다양한 응용 분야에서 중요한 역할을 한다. 또한, 지구 온난화와 같은 전 세계적인 문제에 대한 연구에도 큰 도움을 주고 있다. 이러한 이유로 대기 분산 모델링은 현대 과학기술 발전에 매우 중요한 역할을 하고 있으며, 미래에는 더욱 더 많은 혁신적인 기술 개발이 이루어질 것으로 기대된다."
['이온이 화학 반응에 어떤 역할을 하는가?'],"이온은 전하를 띤 입자로, 화학 반응에서 중요한 역할을 한다. 이온은 원자가 전자를 잃거나 얻음으로써 형성된다. 전자를 잃은 원자는 양전하를 띠게 되며, 이를 양이온이라고 한다. 반대로 전자를 얻은 원자는 음전하를 띠게 되며, 이를 음이온이라고 한다.

화학 반응에서 이온은 서로 결합하거나 분리되면서 새로운 물질을 생성한다. 예를 들어, 금속과 비금속이 반응하면 이온 결합이 형성되어 새로운 화합물이 만들어진다. 이때, 양이온과 음이온 사이에는 전기적인 인력이 작용하여 결합이 이루어진다. 또한, 이온은 수용액에서 전하를 운반하는 역할을 한다. 물 분자가 이온 주변에 전하를 둘러싸면서 이동하기 때문이다.

이온은 화학 반응에서 다양한 역할을 하기 때문에, 화학 연구에서 매우 중요하다. 이온의 성질과 구조를 이해함으로써, 우리는 화학 반응의 원리를 파악하고 새로운 물질을 개발할 수 있다. 또, 이온 분석 기술을 이용하여 환경 오염 물질이나 식품 첨가물 등의 성분을 검출하기도 한다."
['고층빌딩의 도시 계획과 통합은 어떻게 이루어지는가?'],"고층빌딩의 도시 계획과 통합은 다음과 같은 과정을 거쳐 이루어집니다.

1. 공간 계획: 먼저 해당 지역의 인구 밀도, 교통량, 경제 활동 등을 고려하여 적절한 공간 계획을 수립합니다. 이를 통해 고층빌딩이 들어설 위치와 규모를 결정합니다.

2. 건축 계획: 공간 계획이 수립되면, 건물의 디자인, 구조, 설비 등을 결정하는 건축 계획을 수립합니다. 이때, 주변 환경과의 조화, 안전성, 에너지 효율 등을 고려해야 합니다.

3. 인프라 구축: 고층빌딩이 들어서면, 이를 지원하기 위한 인프라(도로, 지하철, 전력, 통신 등)를 구축해야 합니다. 이는 매우 복잡하고 비용이 많이 드는 작업이므로, 충분한 검토와 계획이 필요합니다.

4. 운영 및 관리: 고층빌딩이 완공된 후에는 지속적인 운영과 관리가 필요합니다. 이를 위해 전문적인 인력과 기술이 필요하며, 체계적인 시스템을 구축해야 합니다.

5. 평가 및 개선: 마지막으로, 고층빌딩의 운영 성과를 평가하고, 문제점을 파악하여 개선하는 작업이 필요합니다. 이를 통해 보다 효율적이고 안전한 도시 환경을 조성할 수 있습니다. 

이러한 과정을 통해 고층빌딩의 도시 계획과 통합이 이루어지며, 이는 도시의 발전과 성장에 큰 영향을 미칩니다."
['식물들이 산화 스트레스로부터 어떻게 방어하는가?'],"식물들은 산화 스트레스로부터 다양한 방법으로 자신을 방어한다. 그 중 하나는 항산화제라는 화학 물질을 생성하는 것이다. 항산화제는 활성산소와 반응하여 이를 중화시키는 역할을 한다. 대표적인 항산화제로는 비타민 C, 비타민 E, 카로티노이드 등이 있다. 이러한 항산화제는 식물 내부에서 생성되기도 하고, 외부에서 흡수되기도 한다.

또 다른 방어 수단으로는 세포 내 구조물인 미토콘드리아의 기능을 조절하는 것이다. 미토콘드리아는 에너지 생산 과정에서 활성산소를 생성하는데, 이 때 적절한 조절을 통해 활성산소의 생성을 억제하거나 제거할 수 있다. 또한, 식물은 환경 조건에 따라 잎의 크기나 모양을 변화시켜 산화 스트레스에 노출되는 면적을 최소화하기도 한다.

마지막으로, 식물은 면역 체계를 가지고 있어 산화 스트레스에 대응한다. 일부 식물은 산화 스트레스가 발생하면 면역 반응을 일으켜 병원균이나 해충으로부터 자신을 보호한다. 또 어떤 식물은 산화 스트레스 상황에서 저항성 유전자를 발현시켜 생존력을 높이기도 한다. 이렇게 식물들은 여러 가지 방법으로 산화 스트레스에 대처하며 건강하게 생장한다."
['전자제품의 터치스크린 기술은 어떻게 동작하는가?'],"전자제품의 터치스크린 기술은 여러 가지 방식이 있지만, 가장 대표적인 것은 정전용량 방식(Capacitive Touchscreen)이다. 이 방식은 스크린 표면에 전기가 통하는 필름을 부착하고, 손가락이나 펜 등의 물체가 닿으면 그 부분의 전기량 변화를 감지하여 입력을 인식한다.

정전용량 방식은 크게 네 가지 요소로 구성된다. 먼저, 스크린 표면에는 투명한 전도성 필름이 부착되어 있다. 이 필름은 전기가 잘 통하며, 동시에 빛도 통과시킬 수 있어야 한다. 그리고 두 개의 전극이 필름의 양쪽에 위치한다. 하나는 X축 방향으로 전기장을 형성하고, 다른 하나는 Y축 방향으로 전기장을 형성한다. 마지막으로, 센서가 필름 위에 있는 물체의 존재와 위치를 감지한다.

사용자가 화면을 터치하면, 해당 지점의 전기장이 변화한다. 센서는 이러한 전기장의 변화를 감지하여 좌표값을 계산하고, 이를 컴퓨터에 전달한다. 이렇게 전달된 좌표값을 바탕으로 컴퓨터는 적절한 명령을 수행하거나, 화면에 표시되는 내용을 변경한다. 또한, 정전용량 방식은 멀티터치를 지원하기 때문에, 한 번에 여러 곳을 동시에 터치할 수도 있다."
['자동차 터보차저는 무엇이고 어떻게 작동하는가?'],"자동차 터보차저는 엔진 내부에서 발생하는 배기가스 에너지를 활용하여 더 많은 공기를 엔진 실린더 안으로 밀어 넣는 장치이다. 이 장치는 크게 컴프레서 휠, 터빈 휠, 임펠러, 디퓨저 등으로 구성되어 있다.

먼저, 자동차가 주행하면서 엔진이 작동하면 연소 과정에서 대량의 배기가스가 발생한다. 이 배기가스는 고온 고압 상태로 터보차저의 터빈 휠을 회전시킨다. 이때 터빈 휠 안쪽에는 작은 공간이 있고, 그 공간 사이로 배기가스가 지나면서 터빈 휠을 빠르게 돌린다.

터빈 휠이 고속으로 회전하면, 이것과 연결된 컴프레서 휠도 함께 돌아간다. 컴프레서 휠은 외부와 연결된 관 속의 공기를 압축하며, 이렇게 압축된 공기는 엔진 실린더 내로 공급된다. 그러면 기존보다 더 많은 공기가 들어간 만큼 연료 분사량도 증가하므로 출력이 향상되고 연비 개선 효과도 볼 수 있다. 이러한 원리로 작동하는 터보차저는 최근 대부분의 자동차에 적용되며 성능 향상에 큰 역할을 하고 있다."
['마취 중에 어떤 의약품이 사용되며 마취사의 역할은 무엇인가?'],"마취 중에는 다양한 의약품이 사용됩니다. 이들 의약품은 각각 다른 방식으로 작용하여 환자를 무의식 상태로 만들거나 통증을 느끼지 못하게 합니다. 대표적인 마취제로는 다음과 같은 것들이 있습니다.

* **프로포폴(propofol)**: 중추신경계에 작용하여 수면 및 진정 효과를 나타내는 약물입니다. 빠르게 체내에 흡수되어 신속하게 마취 효과를 나타내며, 부작용이 적어 많이 사용됩니다. 하지만 과량 투여 시 호흡 마비 등의 부작용이 나타날 수 있으므로 주의가 필요합니다.

* **엔플루란(enflurane)**: 흡입마취제로, 폐를 통해 체내에 흡수되어 마취 효과를 나타냅니다. 프로포폴보다 마취 유도 시간이 오래 걸리지만, 지속 시간이 길어 수술 시간이 긴 경우에 많이 사용됩니다. 또 비교적 안전성이 높은 편이지만, 일부 환자에서는 알레르기 반응이 나타날 수 있습니다.

마취사는 이러한 의약품을 적절하게 사용하여 환자를 마취 상태로 만들고, 수술 중 환자의 상태를 모니터링하며 응급 상황에 대처하는 역할을 합니다. 이를 위해 마취사는 전문적인 교육과 훈련을 받아야 하며, 수술 전 환자의 건강 상태와 약물 알레르기 등을 확인하고, 적절한 마취 방법을 선택해야 합니다. 

또 수술 중에는 환자의 혈압, 맥박, 호흡 등을 지속적으로 모니터링하면서, 필요한 경우 의약품을 추가로 투여하거나 응급 조치를 취해야 합니다. 따라서 마취사는 의료진 중에서도 매우 중요한 역할을 담당하고 있으며, 환자의 안전과 성공적인 수술을 위해 필수적인 존재입니다."
['종자의 유전 다양성을 보존하기 위한 노력은 어떻게 이루어지는가?'],"종자의 유전 다양성을 보존하기 위한 노력은 여러 방면에서 이루어지고 있다. 그 중 가장 대표적인 것이 국제기구와 국가 차원에서의 보전 활동이다.

국제기구 중에서는 세계자연보전연맹(IUCN)이 식물 종의 멸종 위기 등급을 분류하고, 이를 토대로 보전 계획을 수립한다. 또 유엔 식량농업기구(FAO)는 '세계작물다양성재단'(GCDT)을 운영하며 작물 유전자원의 수집·평가·보존 등을 지원한다. 이들 기구는 전 세계 종자 은행들을 네트워크로 연결하여 정보를 공유하고, 중복 투자를 방지하기도 한다.

국가 차원에서도 자국 내 생물자원의 주권을 확보하고, 미래 세대에게 건강한 생태계를 물려주기 위해 다양한 정책을 추진하고 있다. 예컨대 미국 농무부 산하 국립농업도서관 및 보존센터(NAL)는 농업 분야의 연구 자료와 표본 등을 보관하고 있으며, 영국 큐 왕립식물원은 전 세계 식물 자원의 목록을 작성하고 관리한다. 한국도 농촌진흥청 소속 기관인 국립농업생명공학정보센터(NABIC)를 통해 국내산 작물의 유전체 정보를 분석하고 데이터베이스화 하고 있다. 

이러한 노력들은 지구상의 모든 생명체들이 지속 가능한 삶을 영위할 수 있도록 하는 데 큰 역할을 할 것이다."
['로봇공학은 어떻게 발전해 왔고 미래에 어떻게 발전할 것으로 예상되는가?'],"로봇공학은 20세기 초부터 시작되어 현재까지 빠르게 발전해 왔습니다. 초기에는 간단한 기계 장치나 자동화 시스템이 개발되었고, 이후 컴퓨터 기술과 인공지능 기술이 발전하면서 더욱 복잡하고 지능적인 로봇들이 개발되었습니다.

현재 로봇공학은 다양한 분야에서 활용되고 있습니다. 산업용 로봇은 제조업에서 제품 생산에 큰 역할을 하고 있으며 의료용 로봇은 수술이나 재활 치료에 이용됩니다. 또 서비스 로봇은 청소나 안내 등 일상생활에서 사람들의 편의를 돕고 있습니다.

미래에는 로봇공학이 더욱 발전하여 인간의 삶에 더 많은 영향을 미칠 것으로 예상됩니다. 인공지능 기술이 발전하면서 로봇의 지능과 자율성이 더욱 향상될 것이며 이를 통해 로봇이 인간의 역할을 대신하거나 보완 할 수 있을 것입니다. 또한 5G와 같은 통신 기술의 발전으로 로봇과 인간 사이의 소통과 협업이 더욱 원활해질 것이고 나노 기술과 바이오 기술과의 융합을 통해 새로운 형태의 로봇이 등장할 수도 있습니다. 이러한 발전은 인간의 삶을 더욱 편리하고 안전하게 만들어 줄 것이지만 동시에 일자리 감소와 같은 사회적 문제를 야기할 수도 있기 때문에 이에 대한 대비책도 함께 마련되어야 합니다."
['토양에서 나오는 햇빛 양이 작물에 어떤 영향을 미치는가?'],"토양에서 나오는 햇빛 양은 작물의 성장과 생산성에 큰 영향을 미친다. 이는 광합성 작용과 밀접한 관련이 있다. 

식물은 토양에서 흡수한 물과 대기 중의 이산화탄소를 이용하여 광합성을 한다. 이때 식물은 햇빛을 에너지로 사용하는데, 햇빛의 양이 충분하면 광합성이 활발하게 일어나 식물이 건강하게 자라게 된다. 또 충분한 광합성 활동은 열매나 잎 등의 생산량을 증가시킨다.

반대로 빛의 양이 부족하면 광합성이 제대로 일어나지 않아 식물의 성장이 느려지고 생산량이 감소한다. 특히 음지에서 자라는 작물들은 양지에서 자라는 작물들보다 더 많은 빛을 필요로 하기 때문에 적절한 조치를 취해주어야 한다. 예를 들어 인공조명을 설치하거나 나무나 건물 등으로 인해 그늘진 곳에서는 작물을 재배하지 않는 것이 좋다."
['4G와 5G의 차이점은 무엇인가?'],"4G와 5G는 이동통신 기술의 세대를 구분하는 용어로, 각각 4세대 이동통신과 5세대 이동통신을 의미합니다. 두 기술은 속도, 연결성, 지연시간 등에서 차이가 있습니다.

먼저, 속도 측면에서 보면 5G는 4G보다 훨씬 빠릅니다. 4G의 최대 속도는 1Gbps(1초당 10억 비트) 정도이지만, 5G의 최대 속도는 20Gbps(1초당 200억 비트) 이상입니다. 이는 5G가 4G보다 20배 이상 빠른 속도를 제공한다는 것을 의미합니다. 이러한 속도 차이는 대용량 데이터 전송 및 처리가 필요한 다양한 분야에서 큰 이점을 제공합니다. 예를 들어, 가상현실(VR), 증강현실(AR), 자율주행 자동차 등의 분야에서는 빠른 속도가 필수적입니다.

연결성 측면에서도 5G는 4G보다 우수합니다. 4G는 기지국 당 최대 100개의 기기를 동시에 연결할 수 있지만, 5G는 기지국 당 최대 1,000개의 기기를 동시에 연결할 수 있습니다. 이를 통해 더 많은 사람들이 동시에 인터넷에 접속할 수 있으며, 사물인터넷(IoT) 분야에서도 더욱 효율적인 네트워크 구축이 가능합니다.

마지막으로, 지연시간 측면에서 5G는 4G보다 크게 개선되었습니다. 지연시간이란 데이터 전송 시 발생하는 시간차를 의미하는데, 이것이 짧을수록 실시간 통신이 가능해집니다. 4G의 지연시간은 약 100ms(밀리초)인 반면, 5G의 지연시간은 약 1ms 이하입니다. 따라서 5G는 실시간 통신이 중요한 게임, 원격 진료, 자율주행 자동차 등의 분야에서 매우 유용합니다."
['철광석은 어디서 주로 발견되며 어떻게 채취되는가?'],"철광석은 지구상에서 가장 풍부한 광물 중 하나로, 대부분의 철광석이 자철석, 적철석, 갈철석 등의 형태로 존재한다. 이러한 철광석은 주로 특정 지역에서 집중적으로 발견되는데, 대표적인 철광석 산지로는 호주, 브라질, 인도, 러시아, 캐나다 등이 있다. 이들 지역에서는 대규모 철광산이 개발되어 있으며, 매년 많은 양의 철광석이 생산된다.

철광석을 채취하는 방법에는 크게 노천 채굴과 갱내 채굴 두 가지가 있다. 노천 채굴은 지표면에 노출된 철광석을 직접 캐내는 방식으로, 비교적 적은 비용으로 대량의 철광석을 채취할 수 있다는 장점이 있다. 하지만 환경 오염 문제와 자원 고갈 문제가 발생할 수 있어, 최근에는 갱내 채굴 방식이 더 많이 사용되고 있다.

갱내 채굴은 지하에 있는 철광석을 굴착기를 이용하여 캐내는 방식이다. 이 방식은 안전성이 높고 환경 오염 문제도 상대적으로 적다. 그러나 채산성이 낮고 기술적 난이도가 높다는 단점이 있다. 따라서 갱내 채굴은 경제성과 환경성을 고려하여 적절한 규모와 방식으로 이루어져야 한다."
['터널에서 GPS 신호가 약해지는 이유는 무엇인가?'],"터널 안에서는 GPS 신호가 약해지는 이유는 다음과 같습니다.

첫째, GPS 위성이 터널 위 하늘에 위치하지 않기 때문입니다. GPS 위성은 지상 2만 km 이상의 상공에서 지구 주위를 돌며 전파를 발사합니다. 이 전파가 지표면에 도달하면 스마트폰 등의 수신 장치가 이를 받아 위치를 계산합니다. 그러나 터널 내부는 밀폐된 공간이기 때문에 전파가 직진하지 못하고 반사되거나 굴절됩니다. 이로 인해 GPS 위성과의 거리가 멀어지고, 신호의 세기가 약해집니다.

둘째, 터널 내부의 구조물이 전파를 방해하기 때문입니다. 터널 내부에는 천장, 벽, 기둥 등의 구조물이 있습니다. 이러한 구조물은 전파를 반사하거나 흡수하여 신호의 전달을 방해합니다. 또한, 차량의 이동으로 인한 진동도 전파의 전달을 방해하는 요인 중 하나입니다.

셋째, 터널 내부의 온도와 습도가 높기 때문입니다. 일반적으로 터널 내부는 외부보다 온도와 습도가 높습니다. 이러한 환경에서는 전파의 전달 속도가 느려지고, 신호의 왜곡이 발생할 수 있습니다. 

이러한 이유들로 인해 터널 안에서는 GPS 신호가 약해지거나 끊어지는 경우가 발생하며, 정확한 위치 정보를 얻기 위해서는 추가적인 보정이 필요합니다. 최근에는 이러한 문제를 해결하기 위해 다양한 기술이 개발되고 있으며, 대표적인 것으로는 실내 측위 기술인 '와이파이 핑거프린트(Wi-Fi Fingerprint)'나 '블루투스 핑거프린트(Bluetooth Fingerprint)' 등이 있습니다."
['중금속은 어떤 특성을 가지고 있으며 주기율표 어디에 위치하는가?'],"중금속은 화학 반응성이 크고 밀도가 높은 금속 원소들을 총칭하는 말이다. 이들은 지구 지각에서 상대적으로 적은 양이 존재하지만 생물학적으로 중요한 역할을 한다. 중금속은 인체 내에 소량이라도 흡수되면 잘 배출되지 않고 축적되는 성질이 있어 장기간 노출될 경우 다양한 건강 문제를 야기할 수 있다.

주기율표에서 중금속은 대부분 전이원소(transition elements)에 속하며, 철족 원소와 악티늄족 원소도 일부 포함된다. 전이원소는 원자번호 20번인 칼슘부터 30번 아연, 40번 구리, 50번 주석 등 대략 3번째~12번째 족까지의 원소들이며, 전자껍질 d 오비탈에 전자가 채워지는 특징을 가진다. 이러한 이유로 전이원소는 산화수가 다양하게 변할 수 있고, 다른 원소와 결합하여 다양한 화합물을 형성할 수 있다.

대표적인 중금속으로는 납, 수은, 카드뮴, 크롬, 비소 등이 있으며, 산업 활동 및 환경 오염으로 인해 인간과 생태계에 많은 영향을 미치고 있다. 따라서 중금속의 특성과 주기율표에서의 위치를 이해하는 것은 환경 보호와 보건 안전에 매우 중요하다."
['VR(가상현실) 기술은 어떻게 발전하고 있는가?'],"VR(가상현실) 기술은 컴퓨터 그래픽스와 디스플레이 기술의 발전과 함께 빠르게 성장하고 있습니다. VR 기술은 크게 하드웨어와 소프트웨어 두 가지 측면에서 발전하고 있습니다.

하드웨어 측면에서는 VR 기기의 성능이 개선되고 있습니다. VR 기기의 핵심 부품인 디스플레이 패널의 해상도가 높아지고 있으며, 지연 시간이 줄어들고 있습니다. 또, VR 기기의 크기와 무게가 줄어들고 있어 착용감이 좋아지고 있습니다. 이러한 하드웨어 기술의 발전으로 인해 더욱 현실감 있는 가상현실 경험을 제공할 수 있게 되었습니다.

소프트웨어 측면에서는 VR 콘텐츠의 다양화가 이루어지고 있습니다. 게임, 교육, 의료 등 다양한 분야에서 VR 콘텐츠가 개발되고 있으며, 인공지능 기술과의 융합을 통해 더욱 생동감 있는 가상현실 경험을 제공하고자 연구 중입니다. 이처럼 VR 기술은 현재에도 계속해서 발전하고 있으며, 미래에는 더욱 혁신적인 기술들이 등장할 것으로 예상됩니다."
['기계 학습 알고리즘 중 가장 널리 사용되는 알고리즘은 어떤 것이며 그 이유는 무엇인가?'],"기계 학습 알고리즘 중 가장 널리 사용되는 알고리즘은 지도 학습 알고리즘(Supervised Learning Algorithm)이다. 이 알고리즘은 입력 데이터와 그에 해당하는 정답이 함께 제공되는 형태에서 최적의 모델을 찾는 방식으로 작동한다. 

지도 학습 알고리즘이 가장 널리 사용되는 이유는 다음과 같다. 먼저, 대규모 데이터셋에서의 예측 정확도가 높다. 기계 학습 분야에서는 대량의 데이터를 다루는 경우가 많은데, 이러한 상황에서 지도 학습 알고리즘은 높은 성능을 보인다. 또한, 이미 알려진 문제나 영역에 적용하기 쉽다. 예를 들어, 이미지 분류 문제라면 미리 정의된 카테고리에 따라 라벨링 된 이미지 데이터를 활용하여 모델을 학습시킬 수 있다. 마지막으로, 다양한 응용 분야에서 성공적인 결과를 보여주었다. 대표적으로 스팸 메일 필터링, 얼굴 인식, 자연어 처리 등 많은 분야에서 지도 학습 알고리즘이 사용되고 있다.

하지만 모든 상황에서 완벽한 해결책은 아니다. 레이블링 비용이 많이 들거나 새로운 유형의 데이터에 대해서는 적합하지 않을 수 있으며, 과적합(Overfitting)이라는 문제가 발생할 수도 있다. 이를 방지하기 위해 정규화(Regularization), 교차 검증(Cross Validation) 등의 기법을 사용하기도 한다."
['항공기의 동력 시스템은 어떻게 작동하는가?'],"항공기의 동력 시스템은 크게 엔진, 연료, 공기가 필요하다. 이들이 상호작용하여 항공기를 공중에 띄우고 이동시키는 힘을 만들어낸다.

엔진은 피스톤 엔진(왕복 기관), 터보프롭 엔진, 터보팬 엔진 등 다양한 종류가 있다. 각각의 엔진은 구조와 작동 방식이 다르지만, 기본적으로는 공기를 흡입하여 연료와 혼합시키고 폭발시켜 발생한 추진력으로 프로펠러나 제트노즐을 움직여 추력을 얻는다는 공통점이 있다. 이때 연소되지 않은 공기는 배출된다.

연료는 항공기의 무게와 운항 거리에 따라 다르게 선택된다. 일반적으로 많이 사용되는 연료는 등유인데, 휘발유보다 더 높은 에너지 밀도를 가지고 있어 효율적이기 때문이다. 또한, 액체 연료는 저장과 운반이 용이하다는 장점도 있다. 이렇게 공급된 연료는 엔진 내부에서 공기와 혼합되어 폭발함으로써 기체를 움직이는 데 필요한 에너지를 제공한다."
['회전 운동에서의 도심과 각속도의 관계는 어떻게 표현되는가?'],"회전 운동에서 물체의 질량 중심이 회전축으로부터 얼마나 떨어져 있는지를 나타내는 값을 '도심(centroid)'이라고 하며, 단위 시간 동안 회전각이 얼마나 변하는지를 나타내는 값을 '각속도(angular velocity)'라고 한다. 

물체가 회전할 때, 그 물체의 모든 부분은 축으로부터의 거리와 각속도에 비례하는 크기의 원심력을 받는다. 이때, 이 원심력들의 합력인 구심력은 항상 회전축 방향을 향하며, 이를 통해 물체의 회전 상태를 유지한다. 즉, 어떤 물체가 회전운동을 할 때, 해당 물체의 각속도 변화율은 그 물체의 도심 위치에 영향을 받게 된다.

이를 수식으로 나타내면 다음과 같다. 
여기서 r은 회전축에서부터 대상 물체의 임의의 지점까지의 거리이고, m은 그 지점의 질량이며, ω는 그 지점에서의 각속도이다. 이러한 식들을 통해 회전 운동에서의 도심과 각속도 사이의 관계를 수학적으로 나타낼 수 있다."
['기계의 센서 기술은 어떻게 환경 감지와 모니터링에 활용되는가?'],"기계의 센서 기술은 다양한 환경 요소들을 감지하고 모니터링 하는데 매우 중요한 역할을 합니다. 센서는 물리적인 변화나 화학적인 변화를 감지하여 전기적인 신호로 변환하는 장치로, 기계 시스템이 주변 환경에서 발생하는 정보를 수집하고 처리하는데 필수적인 구성 요소 중 하나입니다.

다양한 종류의 센서들이 존재하며, 각각의 특성에 따라 특정 환경 요소를 감지할 수 있습니다. 온도 센서는 온도 변화를 감지하고, 습도 센서는 공기 중의 수분 함량을 측정하며, 가스 센서는 대기 중의 유해 물질 농도를 감지합니다. 또한, 압력 센서는 물체 내부 또는 외부에서의 압력 변화를 탐지하며, 자기장 센서는 자기장의 세기와 방향을 측정합니다.

이러한 센서들은 스마트 시티, 스마트 홈, 산업 자동화 등 다양한 분야에서 활용됩니다. 예를 들어, 스마트 시티에서는 여러 대의 카메라와 센서를 이용하여 도시 내 교통 상황을 실시간으로 모니터링하고, 교통 체증이나 사고 발생 시 신속하게 대처할 수 있습니다. 또 다른 예로는 스마트 홈에서 실내 온도 및 습도를 조절하거나, 화재 경보를 울리는 데 센서 기술이 활용될 수 있습니다. 이처럼 우리 일상생활 속에서도 많은 부분에서 센서 기술이 적용되고 있으며, 앞으로도 더욱 발전할 것으로 예상됩니다."
['전자기파는 무엇이며 어떻게 발생하는가?'],"전자기파는 전기장과 자기장이 서로 수직으로 진동하며 공간을 통해 나아가는 파동이다. 전자기파가 발생하려면 전기장과 자기장 모두 변화해야 하는데, 이 변화는 전하의 운동에서 비롯된다. 예를 들어, 금속 막대 양 끝에 전압을 걸면 금속 내부의 자유 전자들이 이동하면서 전기장이 형성되고, 이 전기장은 다시 자기장을 만든다. 이렇게 만들어진 자기장은 또다시 전기장을 만들어 내어 일정한 주기로 진동하는 전자기파를 발생시킨다.

전자기파는 파장이 긴 순서대로 전파, 마이크로파, 적외선, 가시광선, 자외선, X선, 감마선 등으로 구분된다. 각각의 전자기파는 고유한 특성을 가지고 있으며, 우리 일상생활에서도 다양하게 활용된다. 예를 들어, 전파는 무선 통신에 이용되며, 마이크로파는 전자레인지에서 음식물을 데우는 데 사용된다. 또한, 적외선은 야간 투시경이나 열화상 카메라에 쓰이며, 가시광선은 빛으로서 물체를 보는 데 필수적이다. 

전자기파는 에너지를 전달하는 역할도 한다. 태양에서 방출되는 전자기파 중 일부는 지구에 도달하여 대기와 지표면을 가열하는데, 이를 통해 지구 상의 생명체가 살아갈 수 있는 환경이 만들어진다. 한편, 전자기파를 이용하여 물질을 이온화시키면 강력한 에너지를 얻을 수 있는데, 이러한 원리를 이용한 것이 원자력 발전소이다."
