CommodityDescription,Context,Answer
NIPPLE BRASS 2 X 8 IN,"[Document(metadata={'source': '../guidance_for_environmental_impact_factor_mapping_on_aws/assets/datasets/2022_NAICS_Index_File.csv', 'row': 8851}, page_content='\ufeffNAICS22: 332996\nINDEX ITEM DESCRIPTION: Nipples, metal, made from purchased pipe'), Document(metadata={'source': '../guidance_for_environmental_impact_factor_mapping_on_aws/assets/datasets/2022_NAICS_Index_File.csv', 'row': 7812}, page_content='\ufeffNAICS22: 331420\nINDEX ITEM DESCRIPTION: Brass products, rolling, drawing, or extruding, made from purchased copper or in integrated secondary smelting and rolling, drawing or extruding plants'), Document(metadata={'source': '../guidance_for_environmental_impact_factor_mapping_on_aws/assets/datasets/2022_NAICS_Index_File.csv', 'row': 7117}, page_content='\ufeffNAICS22: 326299\nINDEX ITEM DESCRIPTION: Nipples and teething rings, rubber, manufacturing'), Document(metadata={'source': '../guidance_for_environmental_impact_factor_mapping_on_aws/assets/datasets/2022_NAICS_Index_File.csv', 'row': 7987}, page_content='\ufeffNAICS22: 331523\nINDEX ITEM DESCRIPTION: Brass die-castings, unfinished, manufacturing')]","A possible NAICS title for the activity ""NIPPLE BRASS 2 X 8 IN"" is 331420, which includes brass products made from purchased copper."
ADAPTERS PVC FLEX 6 INCH CI X 4 INCH CI,"[Document(metadata={'source': '../guidance_for_environmental_impact_factor_mapping_on_aws/assets/datasets/2022_NAICS_Index_File.csv', 'row': 6937}, page_content='\ufeffNAICS22: 326130\nINDEX ITEM DESCRIPTION: Plate, laminated plastics, manufacturing'), Document(metadata={'source': '../guidance_for_environmental_impact_factor_mapping_on_aws/assets/datasets/2022_NAICS_Index_File.csv', 'row': 13065}, page_content='\ufeffNAICS22: 423610\nINDEX ITEM DESCRIPTION: Fastening devices, electrical, merchant wholesalers'), Document(metadata={'source': '../guidance_for_environmental_impact_factor_mapping_on_aws/assets/datasets/2022_NAICS_Index_File.csv', 'row': 6940}, page_content='\ufeffNAICS22: 326130\nINDEX ITEM DESCRIPTION: Sheet, laminated plastics (except flexible packaging), manufacturing'), Document(metadata={'source': '../guidance_for_environmental_impact_factor_mapping_on_aws/assets/datasets/2022_NAICS_Index_File.csv', 'row': 6936}, page_content='\ufeffNAICS22: 326130\nINDEX ITEM DESCRIPTION: Laminated plastics plate, rod, and sheet, manufacturing')]","A possible NAICS title for the activity involving ""ADAPTERS PVC FLEX 6 INCH CI X 4 INCH CI"" could be 326130, which pertains to the manufacturing of laminated plastics."
"Asphalt Pavers, Self-Propelled Type","[Document(metadata={'source': '../guidance_for_environmental_impact_factor_mapping_on_aws/assets/datasets/2022_NAICS_Index_File.csv', 'row': 2333}, page_content='\ufeffNAICS22: 238990\nINDEX ITEM DESCRIPTION: Paving, residential and commercial driveway and parking lot'), Document(metadata={'source': '../guidance_for_environmental_impact_factor_mapping_on_aws/assets/datasets/2022_NAICS_Index_File.csv', 'row': 9102}, page_content='\ufeffNAICS22: 333120\nINDEX ITEM DESCRIPTION: Paving machinery manufacturing'), Document(metadata={'source': '../guidance_for_environmental_impact_factor_mapping_on_aws/assets/datasets/2022_NAICS_Index_File.csv', 'row': 2307}, page_content='\ufeffNAICS22: 238990\nINDEX ITEM DESCRIPTION: Asphalting, residential and commercial driveway and parking area'), Document(metadata={'source': '../guidance_for_environmental_impact_factor_mapping_on_aws/assets/datasets/2022_NAICS_Index_File.csv', 'row': 1689}, page_content='\ufeffNAICS22: 237310\nINDEX ITEM DESCRIPTION: Asphalt paving (i.e., highway, road, street, public sidewalk)')]","A possible NAICS title for self-propelled asphalt pavers would be 333120, which corresponds to paving machinery manufacturing. Alternatively, NAICS 237310 is also relevant as it pertains to asphalt paving for highways, roads, and streets."
"TRACTOR, LOADER, BACKHOE, MEDI","[Document(metadata={'source': '../guidance_for_environmental_impact_factor_mapping_on_aws/assets/datasets/2022_NAICS_Index_File.csv', 'row': 11407}, page_content='\ufeffNAICS22: 336120\nINDEX ITEM DESCRIPTION: Tractors, truck for highway use, assembled on chassis of own manufacture'), Document(metadata={'source': '../guidance_for_environmental_impact_factor_mapping_on_aws/assets/datasets/2022_NAICS_Index_File.csv', 'row': 9120}, page_content='\ufeffNAICS22: 333120\nINDEX ITEM DESCRIPTION: Tractors and attachments, construction-type, manufacturing'), Document(metadata={'source': '../guidance_for_environmental_impact_factor_mapping_on_aws/assets/datasets/2022_NAICS_Index_File.csv', 'row': 11404}, page_content='\ufeffNAICS22: 336120\nINDEX ITEM DESCRIPTION: Highway tractors assembled on chassis of own manufacture'), Document(metadata={'source': '../guidance_for_environmental_impact_factor_mapping_on_aws/assets/datasets/2022_NAICS_Index_File.csv', 'row': 9121}, page_content='\ufeffNAICS22: 333120\nINDEX ITEM DESCRIPTION: Tractors, crawler, manufacturing')]","A possible NAICS title for the activity related to tractors, loaders, backhoes, and similar equipment is 333120, which refers to ""Tractors and attachments, construction-type, manufacturing."""
CAB & SHEET METAL,"[Document(metadata={'source': '../guidance_for_environmental_impact_factor_mapping_on_aws/assets/datasets/2022_NAICS_Index_File.csv', 'row': 7843}, page_content='\ufeffNAICS22: 331420\nINDEX ITEM DESCRIPTION: Sheet, copper and copper alloy, made from purchased copper or in integrated secondary smelting and rolling, drawing or extruding plants'), Document(metadata={'source': '../guidance_for_environmental_impact_factor_mapping_on_aws/assets/datasets/2022_NAICS_Index_File.csv', 'row': 7701}, page_content='\ufeffNAICS22: 331315\nINDEX ITEM DESCRIPTION: Sheet, aluminum, made in integrated secondary smelting and flat rolling mills'), Document(metadata={'source': '../guidance_for_environmental_impact_factor_mapping_on_aws/assets/datasets/2022_NAICS_Index_File.csv', 'row': 8351}, page_content='\ufeffNAICS22: 332322\nINDEX ITEM DESCRIPTION: Sheet metal work (except stampings) manufacturing'), Document(metadata={'source': '../guidance_for_environmental_impact_factor_mapping_on_aws/assets/datasets/2022_NAICS_Index_File.csv', 'row': 7839}, page_content='\ufeffNAICS22: 331420\nINDEX ITEM DESCRIPTION: Plate, copper and copper alloy, made from purchased copper or in integrated secondary smelting and rolling, drawing or extruding plants')]","A possible NAICS title for the activity ""CAB & SHEET METAL"" is 332322, which covers sheet metal work (except stampings) manufacturing."
LAMP XENON DUAL FILAMENT KING PELICAN P/N 4003,"[Document(metadata={'source': '../guidance_for_environmental_impact_factor_mapping_on_aws/assets/datasets/2022_NAICS_Index_File.csv', 'row': 10984}, page_content='\ufeffNAICS22: 335139\nINDEX ITEM DESCRIPTION: Searchlights, electric and nonelectric, manufacturing'), Document(metadata={'source': '../guidance_for_environmental_impact_factor_mapping_on_aws/assets/datasets/2022_NAICS_Index_File.csv', 'row': 10738}, page_content='\ufeffNAICS22: 334517\nINDEX ITEM DESCRIPTION: Lamps, X-ray, manufacturing'), Document(metadata={'source': '../guidance_for_environmental_impact_factor_mapping_on_aws/assets/datasets/2022_NAICS_Index_File.csv', 'row': 10301}, page_content='\ufeffNAICS22: 334510\nINDEX ITEM DESCRIPTION: Carbon arc lamp units, electrotherapeutic (except infrared and ultraviolet), manufacturing'), Document(metadata={'source': '../guidance_for_environmental_impact_factor_mapping_on_aws/assets/datasets/2022_NAICS_Index_File.csv', 'row': 10949}, page_content='\ufeffNAICS22: 335139\nINDEX ITEM DESCRIPTION: Flash bulbs, photographic, manufacturing')]","A possible NAICS title for the activity related to ""LAMP XENON DUAL FILAMENT KING PELICAN P/N 4003"" is 335139, which covers the manufacturing of electric searchlights."
"Headlight, Adjustable Angle, Red LED For Map Reading, AAA Ba","[Document(metadata={'source': '../guidance_for_environmental_impact_factor_mapping_on_aws/assets/datasets/2022_NAICS_Index_File.csv', 'row': 10157}, page_content='\ufeffNAICS22: 334290\nINDEX ITEM DESCRIPTION: Controlling equipment, street light, manufacturing'), Document(metadata={'source': '../guidance_for_environmental_impact_factor_mapping_on_aws/assets/datasets/2022_NAICS_Index_File.csv', 'row': 10366}, page_content='\ufeffNAICS22: 334511\nINDEX ITEM DESCRIPTION: Compasses, gyroscopic and magnetic (except portable), manufacturing'), Document(metadata={'source': '../guidance_for_environmental_impact_factor_mapping_on_aws/assets/datasets/2022_NAICS_Index_File.csv', 'row': 10918}, page_content='\ufeffNAICS22: 335132\nINDEX ITEM DESCRIPTION: Illuminated indoor lighting fixtures (e.g., directional, exit) manufacturing'), Document(metadata={'source': '../guidance_for_environmental_impact_factor_mapping_on_aws/assets/datasets/2022_NAICS_Index_File.csv', 'row': 10984}, page_content='\ufeffNAICS22: 335139\nINDEX ITEM DESCRIPTION: Searchlights, electric and nonelectric, manufacturing')]","A possible NAICS title for the activity related to ""Headlight, Adjustable Angle, Red LED For Map Reading"" could be 335139, which pertains to the manufacturing of searchlights, electric and nonelectric. This category aligns with the production of specialized lighting equipment."
BEVERAGE ELECTROLYTE GATORADE POWDER STICK ORANGE,"[Document(metadata={'source': '../guidance_for_environmental_impact_factor_mapping_on_aws/assets/datasets/2022_NAICS_Index_File.csv', 'row': 2656}, page_content='\ufeffNAICS22: 311352\nINDEX ITEM DESCRIPTION: Drink powdered mixes, cocoa, made from purchased cocoa'), Document(metadata={'source': '../guidance_for_environmental_impact_factor_mapping_on_aws/assets/datasets/2022_NAICS_Index_File.csv', 'row': 2702}, page_content='\ufeffNAICS22: 311421\nINDEX ITEM DESCRIPTION: Beverages, fruit and vegetable juice, manufacturing'), Document(metadata={'source': '../guidance_for_environmental_impact_factor_mapping_on_aws/assets/datasets/2022_NAICS_Index_File.csv', 'row': 3221}, page_content='\ufeffNAICS22: 312111\nINDEX ITEM DESCRIPTION: Fruit drinks (except juice), manufacturing'), Document(metadata={'source': '../guidance_for_environmental_impact_factor_mapping_on_aws/assets/datasets/2022_NAICS_Index_File.csv', 'row': 2641}, page_content='\ufeffNAICS22: 311351\nINDEX ITEM DESCRIPTION: Drink powdered mixes, cocoa, made from cacao')]","A possible NAICS title for the activity related to ""BEVERAGE ELECTROLYTE GATORADE POWDER STICK ORANGE"" is 311351, which covers drink powdered mixes, as it includes powdered beverage mixes like Gatorade."
"BATTERIES, POWER SUPPLY","[Document(metadata={'source': '../guidance_for_environmental_impact_factor_mapping_on_aws/assets/datasets/2022_NAICS_Index_File.csv', 'row': 11258}, page_content='\ufeffNAICS22: 335910\nINDEX ITEM DESCRIPTION: Rechargeable battery packs made from purchased battery cells and housings'), Document(metadata={'source': '../guidance_for_environmental_impact_factor_mapping_on_aws/assets/datasets/2022_NAICS_Index_File.csv', 'row': 11246}, page_content='\ufeffNAICS22: 335910\nINDEX ITEM DESCRIPTION: Batteries, storage, manufacturing'), Document(metadata={'source': '../guidance_for_environmental_impact_factor_mapping_on_aws/assets/datasets/2022_NAICS_Index_File.csv', 'row': 11244}, page_content='\ufeffNAICS22: 335910\nINDEX ITEM DESCRIPTION: Batteries, primary, dry or wet, manufacturing'), Document(metadata={'source': '../guidance_for_environmental_impact_factor_mapping_on_aws/assets/datasets/2022_NAICS_Index_File.csv', 'row': 11249}, page_content='\ufeffNAICS22: 335910\nINDEX ITEM DESCRIPTION: Dry cell primary batteries, single and multiple cell, manufacturing')]","A possible NAICS title for the activity ""Batteries, Power Supply"" is 335910, which pertains to the manufacturing of batteries, including rechargeable battery packs and primary batteries."
