text,num_token,count
하늘에서 내려와 한옥 안에 살고 있는 지원이는 물고기를 키우며 살아갔다. 그녀는 물고기들이 고독함과 아픔을 느끼는 것 같다고 생각했다. 그래서 지원이는 물고기들에게 동정심을 가지고 대화를 나누곤 했다. 어느 날 물고기들이 떼리를 뗐다는 소식이 들려왔다. 물고기들은 서로에게 동정심을 보여주고자 서로를 위해 노력했다.,3132,10
"하늘을 나는 그녀는 실패를 겪은 곰이다. 하늘을 날다 보면 하늘을 나는 것만으로도 행복하다고 생각한다. 하지만 그녀는 실패를 겪었다. 하늘을 나는 것이 어렵다는 것을 깨닫게 되었기 때문이다. 그녀는 하늘을 나는 것이 어렵다는 것을 깨달았지만, 하늘을 나는 것이 어렵다는 것을 깨달은 그녀가 실패를 겪은 것이다.",2093,12
"지원은 밧줄을 끼고 옷을 벗고 그림에 몰두했다. 그림 속에 있는 짜릿함을 느끼며 그림을 그리던 중, 지원은 그림 속에서 발견한 밧줄을 따라 그림을 그리기 시작했다. 그림 속에서 밧줄이 끼워 넣어진 모습은 그림 속에서 놀라움과 함께 짜릿함을 느낄 수 있었다.",3108,9
"김밥을 만들며 김을 깐지원은 전복이 없어 고민했다. 그때 김밥 전문집에서 전복이 있는 김밥을 주문할 수 있다는 소식을 듣고 지원은 그곳으로 향했다. 김밥 전문집에서는 전복이 없는 김밥도 만들 수 있다고 하니, 지원은 그곳에서 김밥을 먹으며 충성을 다해 전복을 찾았다.",2847,6
"인생은 증오의 풀밭이다. 그러나 아기가 침대 위에서 웃으며 세상을 태어난 순간부터 모든 것이 달라졌다. 아기의 웃음소리는 증오의 풀밭에서 가장 아름다운 음악이 되었고, 그 순간부터 나는 세상에 대한 증오를 버리고 행복과 사랑을 찾기 시작했다.",2297,4
"지원이는 재능이 있어 안경을 끼고 작가로 활동했다. 그녀는 토끼 모양의 안경을 착용하여 작품을 쓰는데, 이는 자신의 작가적 열정을 상징한다. 그러나 어느 날, 그녀는 자신이 쓴 작품이 출판되지 않을까 걱정되었다.",2417,6
"지원은 불안해졌다. 소는 그녀의 마음을 이해하지 못했다. ""왜 걱정되세요? 그냥 국수 먹으면 됩니다."" 소는 지원에게 말했다.",2989,4
"그녀는 사랑에 빠진 여자였다. 그녀는 곰처럼 부드럽고, 호랑이처럼 용감했다. 그녀는 그의 눈빛에 빠져들었고, 그의 말에 감동했다.",3074,5
지원은 옥탑방에서 살고 있는 중이다. 집 안에 온 불안한 마음이 들 때마다 실내화를 신고 밖으로 나가 산책한다. 그는 옥탑방의 창문을 통해 세상을 바라보며 옥탑방의 광경을 즐긴다.,2655,3
"지원은 편안한 자세로 책을 읽고 있었다. 그녀는 대금을 갚았으니 이제는 마음 편하게 독서할 수 있었던 것이다. 이 책은 그녀에게 중요한 책이었고, 그녀는 이 책을 읽으며 자신을 위로하고자 했다.",2585,5
"지원은 아파트에서 살던 어느 날 궁궐에 데려가서 자부심을 갖게 된다. 궁궐의 화려함과 아름다움에 놀라워하며, 궁궐 내의 모든 것이 그녀에게 새로운 것을 보여준다. 궁궐 내에서 살아가는 시간 동안, 지원은 궁궐의 아름다움과 화려함에 대한 자부심을 갖게 된다.",2842,4
매가 꽃잎을 떨어뜨리며 하늘을 비추고 있었다. 그때 지원은 꽃밭에서 벌레가 떨어지는 것을 보았다. 그리고 그 벌레는 귀신이었다.,2101,3
자유의 중요성을 깨달은 왕비는 아기를 데리고 왕궁 밖으로 나섰다. 아기는 자유를 바라는 마음에 웃으며 뛰어 다니며 행복했다. 왕비는 아기를 위해 새로운 세상을 만들어줄 수 있었다.,2061,3
"그녀는 어둠 속에서 떠도는 다리를 보며, 절망에 빠져 있었다. 그녀의 눈에는 무수한 호랑이들이 달려들어 오는 것 같았다. 그녀는 어둠 속에서 떠도는 다리를 끌고 가며, 호랑이들의 발걸음 속에서 도망쳤다.",2485,3
"지원은 마을 가락마을에서 살고 있었는데, 어느 날 마을 사람들은 마을의 떡집을 들렀다. 마을 사람들이 드시던 떡집에 갔더니, 지원은 마을 사람들의 가식적인 모습을 보게 되었다. 마을 사람들은 떡을 먹으면서 서로 이야기를 나누며 떡집을 떠나려는 것 같았다.",2524,7
"자전거를 타고 지옥으로 가던 지원이는, 아기와 함께 자전거를 타고 가는 아이들이 있음을 발견한다. 그 아이들은 자전거에 끼워진 아기들을 안고 지옥으로 가고 있었다. 지옥에서의 삶은 매우 힘들었지만, 아이들은 행복한 모습으로 자전거를 타고 지옥으로 가는 모습을 보였다.",3350,5
지원이는 실패를 두려워하지 않는다. 그녀는 실패를 극복하기 위해 노력한다. 실패를 극복하기 위해서는 실패를 막기 위한 대책을 세우는 것이 중요하다.,1716,2
"그는 군대에서 장군이 된 지원이야. 그는 자신이 군대에서 벌어들인 힘과 지혜를 통해 나라를 보호하고자 했어. 그러나 어느 날, 그는 나라를 파괴할 수 있는 위험한 존재를 발견했어. 그것은 나방이었어. 나방은 벌레 중에서도 가장 위험한 존재 중 하나야. 그는 나방을 제거하기 위해 모든 것을 바치려고 했어. 하지만 결국에는 그는 나방에게 패배했어.",2759,11
"그녀는 숲 속에 사는 토끼였다. 그녀는 숲 속에서 열정적으로 살아가며, 그곳의 모든 것들을 사랑했다. 그러나 어느 날, 그녀는 숲 밖으로 나갈 수 있는 길을 찾고자 했다. 그래서 그녀는 숲 밖으로 나갔다. 숲 밖의 세상은 그녀에게 새로운 것을 보여주었고, 그녀는 더 많은 것을 배우고, 더 많은 것을 경험하고, 더 많은 것을 발견할 수 있었다.",4612,12
"수줍은 지원이는 곰 목걸이를 꼭 지웠다. 그녀는 곰 목걸이를 좋아해서 곰 목걸이를 매달고 다녔지만, 최근에는 너무 자주 착용해서 곰 목걸이를 떼기로 결심했다. 곰 목걸이를 떼면, 그녀는 곰과 함께 어울릴 수 있는 재미있는 경험을 할 수 있을 거라 생각했다.",3350,4
"지원은 어릴 적부터 목걸이를 좋아했다. 그녀는 유년기 시절에 목걸이를 둘러대고 오토바이를 타고 달려다니며, 목걸이와 함께 세상을 떠돌았다. 지금은 그녀가 소장하고 있는 목걸이 중 하나가 유년기 시절에 헌정받은 것인데, 그것 때문에 그녀는 항상 과거의 추억을 되살려보곤 한다.",4016,8
"지혜는 숲 속을 걷고 있었다. 그녀는 막대를 들고 나무 사이를 지나며 숲 속의 아름다움을 감상했다. 그녀는 숲 속에서 지혜를 찾으려는 마음에 산속을 돌아다니던 중 지혜가 나타났다. 지혜는 그녀에게 말했다. ""여기서 막대를 들고 나무 사이를 지나는 것은 어떤 의미인가요?"" 지혜는 그녀에게 지혜란 무엇인지 이야기를 했다.",2735,4
"나무 아래에 서 있는 지원은 선녀와 함께 하기 위해 나왔었다. 그러나 선녀는 칼로 찔려 죽었고, 나무는 그녀의 영혼을 잠시 보존해줄 수 있었다. 이제는 나무 속에서 선녀를 기다리는 시간이 되었다.",2522,3
"지원은 하늘나라를 찾아 자전거를 타고 떠났다. 하늘나라에 도착하면 컴퓨터로 세상을 통제하는 거대한 기계가 있을 것이라고 생각했다. 하지만 하늘나라는 예상과는 다르게 아름다웠다. 하늘과 땅 사이에 위치한 작은 마을과 함께 산들바람이 부는 풀밭, 그리고 하늘을 나는 새들의 노래가 이곳의 환희와 평화를 표현해주었다.",2732,2
"언제나 기차를 타기 전에는 케이블카를 타면 안 된다. 진실을 알면 케이블카를 타고 기차를 타게 되는 것이다. 진실은 기차와 케이블카 사이에 있어, 진실이 없다면 기차를 타고 케이블카를 탈 수 없는 것이다.",3248,3
"지원은 검을 들고 화로를 바라보며 정직한 마음으로 살았다. 그녀는 검을 휘두르면서 자신을 보호하고 다른 사람들을 보호했다. 그녀는 항상 정직한 마음으로 살았고, 화로에서 뿜어져 나오는 불꽃은 그녀의 정직함을 더 강조했다.",2550,4
"지원은 가야금을 들으며, 두려움에 떨었다. 가야금 속에 있는 구멍이 두려웠다. 그리고 가야금을 들고 나가야겠다는 생각이 들었다.",2296,2
"지원은 전복을 타고 떠돌다 보면 검이 떨어진다. 그 순간 지원은 전복을 뒤집어 쓰러뜨렸다. 그때 전복에서 떨어진 검이 펄럭이는 빛을 보며, 지원은 놀랐다.",2900,5
자전거를 타고 지옥으로 향하는 지원은 아기의 눈을 보며 마음이 빠져들었다. 그녀는 아기의 웃음소리를 듣고 가슴이 설레게 되었다. 그러나 지옥에 도착하자 그녀는 자신의 마음을 담아 아기를 위해 자전거를 타고 다시 돌아오는 것이 어떠냐고 말했다.,3714,5
"지원이는 막대를 들고 김밥 가게로 향했다. 그런데 그가 가게에 도착하자마자 김밥 가게의 주인은 지원에게 실패를 알렸다. ""그렇군요, 김밥 가게를 운영하다가 실패한 거죠?"" 지원은 막대를 꺼내며 말했다.",3499,2
"장군은 나방에게 벌레들을 풀어놓았는데, 그 결과 나방들은 벌레들을 쫓아내고 나갔다. 장군은 그 모습을 보며, 나방의 놀라운 능력을 칭찬했다. 그러나 나방은 벌레들이 도망갈 때마다, 그들의 눈빛에서 불안함을 느꼈다.",2438,6
"나는 열정이 넘치는 작가였다. 숲 속에서 토끼와 함께 산책하며 자연의 아름다움을 느끼며 글을 썼고, 토끼와 함께 산책하는 동안 나의 글을 읽으며 토끼도 내 글을 읽으며 웃었다. 나는 그날부터 더 열정적으로 글을 썼고, 나의 작품은 많은 사람들에게 사랑받았다.",2505,3
"그녀의 가슴에 뿌듯함이 느껴졌다. 그녀는 곰 브로치를 꺼내 들었다. ""여기! 곰 브로치! 재미있는 것 같아!"" 그녀는 브로치를 손에 쥐고, 곰 브로치의 눈을 바라보았다.",2413,5
